order_id,order_item_id,product_id,seller_id,price,freight_value
ORD000487,3,PROD00072,SELL0053,$28.07,54.18
ORD000457,3,PROD00031,SELL0058,$926.35,50.45
ORD000041,2,PROD00088,SELL0057,$-50.00,64.1
ORD000117,3,PROD00050,SELL0017,$1090.10,3.93
ORD000530,2,PROD00106,SELL0050,$778.75,41.68
ORD000499,3,PROD00006,SELL0019,$300.88,42.08
ORD000099,3,PROD00022,SELL0050,$806.81,50.9
ORD000216,1,PROD00086,SELL0041,$1299.45,35.09
ORD000107,3,PROD00027,SELL0035,$1319.78,59.83
ORD000446,1,PROD00083,SELL0053,$1124.13,13.99
ORD000471,1,PROD00092,SELL0022,$144.97,6.23
ORD000258,3,PROD00072,SELL0005,$1235.10,73.06
ORD000418,3,PROD00050,SELL0029,$615.61,26.68
ORD000399,3,PROD00087,SELL0008,$23.76,58.18
ORD000065,3,PROD00097,SELL0048,$82.59,68.16
ORD000367,1,PROD00119,SELL0033,$445.41,55.5
ORD000089,2,PROD00037,SELL0049,$581.40,66.13
ORD000032,3,PROD00061,SELL0011,$341.50,60.25
ORD000559,1,PROD00038,SELL0041,$457.61,71.18
ORD000383,3,PROD00002,SELL0036,$224.94,5.26
ORD000587,3,PROD00077,SELL0026,$828.08,8.64
ORD000216,3,PROD00096,SELL0048,$525.62,34.19
ORD000525,1,PROD00019,SELL0011,$342.87,67.11
ORD000199,3,PROD00015,SELL0012,$1202.50,68.48
ORD000563,3,PROD00060,SELL0042,$123.62,54.39
ORD000257,3,PROD00013,SELL0013,$877.18,76.22
ORD000366,3,PROD00017,SELL0043,$363.28,24.24
ORD000072,2,PROD00116,SELL0013,$736.50,27.61
ORD000314,1,PROD00089,SELL0038,$854.84,30.43
ORD000324,1,PROD00055,SELL0011,$480.12,63.28
ORD000447,2,PROD00036,SELL0054,$214.44,59.17
ORD000492,2,PROD00060,SELL0029,$1165.53,39.98
ORD000112,3,PROD00023,SELL0042,$136.73,23.89
ORD000144,1,PROD00115,SELL0035,$405.90,71.13
ORD000079,1,PROD00094,SELL0005,$1276.64,51.27
ORD000596,3,PROD00075,SELL0026,$330.95,4.86
ORD000267,3,PROD00070,SELL0058,$716.07,62.47
ORD000375,3,PROD00051,SELL0015,$1103.84,24.7
ORD000476,1,PROD00065,SELL0033,$604.23,41.17
ORD000245,3,PROD00109,SELL0052,$1030.98,61.06
ORD000144,1,PROD00058,SELL0011,$856.04,46.13
ORD000150,2,PROD00095,SELL0047,$1409.68,5.15
ORD000500,2,PROD00030,SELL0005,$563.61,5.34
ORD000212,2,PROD00067,SELL0059,$591.32,73.6
ORD000048,2,PROD00006,SELL0042,$168.29,77.54
ORD000281,2,PROD00107,SELL0048,$874.27,46.47
ORD000386,2,PROD00084,SELL0025,$887.70,72.06
ORD000080,2,PROD00067,SELL0017,$1459.42,19.39
ORD000416,2,PROD00046,SELL0053,$737.99,39.6
ORD000007,1,PROD00065,SELL0057,$668.25,19.94
ORD000527,1,PROD00083,SELL0018,$238.11,14.27
ORD000122,2,PROD00085,SELL0015,$1219.59,58.18
ORD000494,2,PROD00087,SELL0031,$327.90,14.58
ORD000421,1,PROD00003,SELL0016,$204.91,48.2
ORD000138,1,PROD00081,SELL0033,$1337.83,13.46
ORD000171,1,PROD00034,SELL0060,$782.21,33.63
ORD000578,3,PROD00082,SELL0002,$1096.04,66.06
ORD000088,3,PROD00028,SELL0029,$1489.27,69.65
ORD000175,2,PROD00029,SELL0054,$907.25,63.98
ORD000187,3,PROD00080,SELL0043,$407.81,58.49
ORD000351,3,PROD00119,SELL0030,$892.04,19.93
ORD000395,1,PROD00017,SELL0007,$315.49,69.05
ORD000517,1,PROD00088,SELL0027,$914.18,15.84
ORD000040,3,PROD00113,SELL0051,$762.44,11.17
ORD000494,3,PROD00085,SELL0009,$815.84,2.09
ORD000442,2,PROD00067,SELL0027,$1314.11,56.42
ORD000440,2,PROD00030,SELL0052,$1187.49,31.74
ORD000590,1,PROD00013,SELL0028,$392.96,61.74
ORD000086,3,PROD00037,SELL0039,$621.84,16.74
ORD000008,1,PROD00074,SELL0034,$786.85,31.25
ORD000211,2,PROD00089,SELL0052,$622.13,10.31
ORD000437,2,PROD00084,SELL0038,$403.03,43.82
ORD000579,2,PROD00047,SELL0040,$1487.82,33.0
ORD000209,3,PROD00053,SELL0036,$731.46,30.88
ORD000569,2,PROD00062,SELL0017,$872.81,62.39
ORD000408,3,PROD00095,SELL0009,$191.84,19.92
ORD000166,3,PROD00013,SELL0014,$609.83,28.4
ORD000564,3,PROD00079,SELL0045,$1064.58,14.54
ORD000006,1,PROD00103,SELL0006,$715.43,48.82
ORD000091,1,PROD00009,SELL0017,$565.69,49.5
ORD000394,3,PROD00120,SELL0026,$989.42,24.34
ORD000059,1,PROD00100,SELL0053,$965.83,36.24
ORD000207,3,PROD00109,SELL0043,$439.72,4.62
ORD000523,1,PROD00067,SELL0045,$928.56,54.57
ORD000369,1,PROD00031,SELL0042,$1463.83,8.77
ORD000283,2,PROD00100,SELL0026,$1009.45,33.63
ORD000206,3,PROD00067,SELL0001,$1059.88,73.7
ORD000563,3,PROD00037,SELL0047,$1373.79,29.15
ORD000284,1,PROD00029,SELL0039,$690.32,33.51
ORD000005,2,PROD00034,SELL0012,$766.76,45.57
ORD000516,1,PROD00038,SELL0022,$1207.37,76.62
ORD000551,3,PROD00105,SELL0051,$386.46,36.54
ORD000387,1,PROD00073,SELL0031,$1139.85,76.98
ORD000470,3,PROD00088,SELL0030,$1295.10,39.59
ORD000265,3,PROD00009,SELL0025,$1186.15,19.19
ORD000236,2,PROD00103,SELL0021,$1433.84,42.29
ORD000010,2,PROD00090,SELL0054,$383.66,9.25
ORD000351,1,PROD00010,SELL0036,$722.68,29.58
ORD000588,3,PROD00035,SELL0012,$1029.41,72.97
ORD000511,1,PROD00095,SELL0013,$1107.11,70.07
ORD000212,1,PROD00030,SELL0013,$1256.96,29.77
ORD000110,1,PROD00016,SELL0059,$1018.58,53.75
ORD000007,3,PROD00098,SELL0055,$1437.62,68.14
ORD000381,2,PROD00080,SELL0021,$1348.71,70.72
ORD000589,2,PROD00112,SELL0018,$286.56,61.61
ORD000524,1,PROD00036,SELL0026,$1129.00,12.0
ORD000539,2,PROD00103,SELL0028,$1410.39,4.54
ORD000356,3,PROD00051,SELL0056,$1167.22,37.66
ORD000124,2,PROD00090,SELL0034,$483.74,2.66
ORD000216,1,PROD00049,SELL0038,$498.27,49.8
ORD000266,2,PROD00024,SELL0036,$367.15,38.76
ORD000352,2,PROD00047,SELL0012,$644.56,34.69
ORD000382,2,PROD00047,SELL0055,$430.25,16.03
ORD000135,1,PROD00074,SELL0044,$1224.07,58.22
ORD000242,2,PROD00072,SELL0028,$306.15,64.4
ORD000154,1,PROD00061,SELL0052,$277.26,40.97
ORD000530,2,PROD00069,SELL0047,$1181.22,25.4
ORD000576,1,PROD00110,SELL0037,$606.63,55.86
ORD000062,2,PROD00028,SELL0053,$722.66,51.13
ORD000461,2,PROD00096,SELL0022,$551.03,45.71
ORD000264,2,PROD00045,SELL0002,$195.04,69.65
ORD000204,3,PROD00074,SELL0037,$978.96,15.61
ORD000292,3,PROD00046,SELL0021,$773.01,62.43
ORD000458,2,PROD00114,SELL0006,$926.29,38.17
ORD000149,3,PROD00112,SELL0011,$1214.46,28.32
ORD000586,1,PROD00052,SELL0055,$132.48,28.8
ORD000322,2,PROD00041,SELL0042,$1069.99,49.22
ORD000405,2,PROD00035,SELL0057,$1174.75,75.22
ORD000534,1,PROD00058,SELL0027,$288.07,3.8
ORD000241,3,PROD00085,SELL0017,$1055.53,8.25
ORD000171,1,PROD00051,SELL0007,$109.73,70.54
ORD000562,2,PROD00007,SELL0002,$793.11,79.69
ORD000107,1,PROD00034,SELL0040,$140.20,74.66
ORD000400,1,PROD00040,SELL0015,$1110.33,36.57
ORD000130,1,PROD00017,SELL0034,$57.43,53.76
ORD000334,2,PROD00111,SELL0031,$1462.85,44.17
ORD000279,1,PROD00071,SELL0029,$1454.77,56.41
ORD000182,2,PROD00076,SELL0039,$952.11,51.6
ORD000578,3,PROD00056,SELL0034,$964.70,26.15
ORD000356,1,PROD00062,SELL0035,$1209.99,36.47
ORD000375,1,PROD00053,SELL0017,$465.81,2.01
ORD000140,2,PROD00045,SELL0019,$809.62,55.65
ORD000504,2,PROD00097,SELL0031,$28.56,35.57
ORD000300,1,PROD00077,SELL0015,$829.10,16.71
ORD000575,1,PROD00056,SELL0026,$257.46,59.5
ORD000400,1,PROD00107,SELL0025,$405.53,34.93
ORD000246,3,PROD00067,SELL0049,$1214.25,55.4
ORD000292,3,PROD00084,SELL0048,$1216.08,34.21
ORD000071,2,PROD00024,SELL0009,$178.88,37.52
ORD000464,3,PROD00035,SELL0045,$745.61,27.01
ORD000156,1,PROD00007,SELL0035,$291.12,9.98
ORD000276,2,PROD00017,SELL0046,$1094.75,20.16
ORD000155,1,PROD00002,SELL0032,$522.74,26.3
ORD000511,3,PROD00048,SELL0030,$1190.27,27.76
ORD000150,2,PROD00008,SELL0018,$121.01,38.67
ORD000197,2,PROD00115,SELL0054,$1228.62,66.6
ORD000125,1,PROD00099,SELL0046,$586.42,78.05
ORD000254,1,PROD00095,SELL0003,$699.34,62.14
ORD000534,2,PROD00086,SELL0014,$592.85,76.97
ORD000331,3,PROD00021,SELL0041,$77.65,75.12
ORD000534,2,PROD00016,SELL0017,$963.20,17.5
ORD000054,1,PROD00111,SELL0043,$1460.31,20.41
ORD000445,1,PROD00042,SELL0001,$1194.67,47.61
ORD000406,1,PROD00102,SELL0016,$1453.72,47.32
ORD000487,1,PROD00089,SELL0039,$566.53,8.98
ORD000162,3,PROD00064,SELL0006,$933.69,74.61
ORD000062,3,PROD00008,SELL0023,$243.57,43.84
ORD000110,1,PROD00017,SELL0032,$485.36,45.55
ORD000356,2,PROD00104,SELL0058,$1103.79,3.67
ORD000387,1,PROD00046,SELL0047,$387.28,5.08
ORD000449,3,PROD00072,SELL0019,$1050.10,16.8
ORD000192,2,PROD00070,SELL0023,$1102.62,23.48
ORD000568,3,PROD00021,SELL0005,$245.21,25.06
ORD000270,2,PROD00070,SELL0024,$16.07,51.77
ORD000389,1,PROD00094,SELL0012,$935.31,30.4
ORD000245,1,PROD00042,SELL0047,$992.56,44.04
ORD000397,3,PROD00025,SELL0034,$753.86,45.01
ORD000290,3,PROD00042,SELL0027,$493.21,9.51
ORD000069,1,PROD00006,SELL0054,$280.28,4.44
ORD000110,1,PROD00063,SELL0013,$62.25,52.06
ORD000398,3,PROD00085,SELL0032,$941.60,48.04
ORD000051,3,PROD00047,SELL0015,$1081.00,3.02
ORD000214,1,PROD00084,SELL0032,$710.07,51.84
ORD000370,2,PROD00072,SELL0048,$1235.71,63.95
ORD000060,2,PROD00106,SELL0040,$800.60,59.28
ORD000312,3,PROD00010,SELL0014,$159.22,58.56
ORD000545,1,PROD00050,SELL0013,$796.40,21.4
ORD000184,3,PROD00072,SELL0048,$631.55,10.23
ORD000591,2,PROD00046,SELL0044,$1058.29,35.31
ORD000107,1,PROD00022,SELL0051,$831.70,41.37
ORD000162,2,PROD00069,SELL0039,$1401.28,72.39
ORD000564,2,PROD00042,SELL0055,$627.33,51.39
ORD000332,3,PROD00078,SELL0016,$825.25,31.25
ORD000564,2,PROD00119,SELL0048,$549.61,37.29
ORD000407,1,PROD00001,SELL0047,$1474.69,48.47
ORD000531,2,PROD00018,SELL0057,$24.75,78.78
ORD000220,1,PROD00110,SELL0021,$1160.71,75.58
ORD000283,3,PROD00118,SELL0036,$841.14,74.22
ORD000159,2,PROD00013,SELL0003,$543.15,12.8
ORD000376,1,PROD00114,SELL0038,$361.00,65.26
ORD000095,3,PROD00074,SELL0026,$1378.05,59.27
ORD000333,1,PROD00102,SELL0031,$740.09,72.12
ORD000591,1,PROD00105,SELL0059,$898.92,25.43
ORD000591,1,PROD00049,SELL0006,$1383.98,28.08
ORD000445,1,PROD00054,SELL0060,$1306.63,19.68
ORD000012,3,PROD00082,SELL0050,$582.99,25.77
ORD000043,3,PROD00041,SELL0035,$237.13,41.19
ORD000227,3,PROD00020,SELL0004,$1101.39,32.64
ORD000457,3,PROD00097,SELL0039,$764.52,19.32
ORD000297,1,PROD00101,SELL0026,$211.30,8.44
ORD000586,3,PROD00096,SELL0004,$607.80,8.64
ORD000514,3,PROD00056,SELL0050,$208.61,12.52
ORD000573,2,PROD00026,SELL0032,$983.59,17.3
ORD000537,1,PROD00032,SELL0016,$410.39,35.55
ORD000590,3,PROD00012,SELL0008,$629.17,30.49
ORD000196,3,PROD00042,SELL0023,$988.28,62.04
ORD000174,2,PROD00045,SELL0040,$940.43,36.36
ORD000240,2,PROD00026,SELL0044,$246.65,58.82
ORD000088,1,PROD00015,SELL0048,$375.93,50.44
ORD000152,2,PROD00112,SELL0054,$35.39,56.12
ORD000114,2,PROD00040,SELL0029,$48.78,18.3
ORD000551,3,PROD00028,SELL0014,$792.05,22.18
ORD000495,1,PROD00080,SELL0047,$1047.18,54.12
ORD000386,3,PROD00075,SELL0058,$797.30,21.93
ORD000062,3,PROD00037,SELL0013,$932.68,6.14
ORD000009,3,PROD00009,SELL0025,$417.90,68.46
ORD000369,1,PROD00111,SELL0007,$449.36,70.91
ORD000396,3,PROD00030,SELL0025,$1465.27,9.77
ORD000324,3,PROD00063,SELL0056,$804.37,16.54
ORD000513,3,PROD00059,SELL0036,$46.91,21.3
ORD000543,2,PROD00040,SELL0022,$599.20,14.25
ORD000356,2,PROD00088,SELL0023,$943.47,20.42
ORD000514,1,PROD00036,SELL0052,$944.30,70.54
ORD000031,1,PROD00072,SELL0018,$240.29,71.98
ORD000141,2,PROD00012,SELL0047,$788.27,54.88
ORD000233,3,PROD00054,SELL0016,$241.83,77.7
ORD000338,1,PROD00058,SELL0035,$322.03,12.81
ORD000555,1,PROD00088,SELL0052,$1295.94,26.1
ORD000537,2,PROD00117,SELL0009,$1493.59,78.11
ORD000149,3,PROD00084,SELL0060,$1376.91,26.76
ORD000571,1,PROD00069,SELL0047,$288.44,67.48
ORD000150,2,PROD00094,SELL0002,$1322.00,34.3
ORD000422,3,PROD00039,SELL0029,$1401.65,71.74
ORD000281,1,PROD00020,SELL0050,$173.56,16.41
ORD000274,3,PROD00078,SELL0037,$357.90,20.11
ORD000027,3,PROD00046,SELL0006,$1173.04,12.46
ORD000481,2,PROD00092,SELL0042,$288.21,32.22
ORD000486,1,PROD00018,SELL0011,$351.02,33.87
ORD000016,2,PROD00119,SELL0018,$345.49,54.36
ORD000208,1,PROD00097,SELL0014,$277.96,76.47
ORD000450,2,PROD00111,SELL0040,$1036.48,69.61
ORD000253,1,PROD00055,SELL0026,$917.78,66.3
ORD000321,3,PROD00051,SELL0040,$864.32,43.82
ORD000040,2,PROD00067,SELL0007,$693.50,70.47
ORD000252,2,PROD00067,SELL0035,$1475.99,5.06
ORD000397,3,PROD00067,SELL0049,$1444.45,16.81
ORD000451,2,PROD00051,SELL0057,$1163.91,24.3
ORD000171,3,PROD00055,SELL0019,$1379.76,55.82
ORD000146,3,PROD00060,SELL0054,$685.77,58.37
ORD000116,3,PROD00024,SELL0050,$1407.70,56.3
ORD000139,2,PROD00051,SELL0027,$684.57,15.95
ORD000207,1,PROD00113,SELL0030,$386.37,55.95
ORD000168,1,PROD00092,SELL0047,$150.42,57.09
ORD000372,3,PROD00011,SELL0034,$585.37,63.7
ORD000524,2,PROD00079,SELL0011,$832.26,5.42
ORD000175,3,PROD00117,SELL0022,$1308.89,69.29
ORD000167,1,PROD00112,SELL0010,$1157.20,6.0
ORD000316,2,PROD00040,SELL0047,$443.84,16.09
ORD000135,3,PROD00026,SELL0001,$1151.61,2.95
ORD000510,3,PROD00110,SELL0032,$1214.07,49.42
ORD000506,3,PROD00031,SELL0014,$994.31,37.39
ORD000453,3,PROD00011,SELL0039,$24.76,70.81
ORD000285,3,PROD00080,SELL0041,$1232.88,18.2
ORD000190,3,PROD00019,SELL0004,$533.29,13.34
ORD000034,3,PROD00086,SELL0037,$458.19,73.79
ORD000051,1,PROD00014,SELL0027,$254.58,24.18
ORD000587,1,PROD00101,SELL0036,$1449.95,60.45
ORD000369,1,PROD00120,SELL0003,$1156.24,27.18
ORD000389,2,PROD00105,SELL0005,$1267.31,7.06
ORD000483,3,PROD00018,SELL0008,$1291.22,27.68
ORD000424,3,PROD00068,SELL0014,$325.44,6.54
ORD000586,3,PROD00094,SELL0041,$1480.98,39.73
ORD000295,2,PROD00055,SELL0039,$400.60,46.86
ORD000363,3,PROD00119,SELL0009,$850.51,42.54
ORD000510,1,PROD00064,SELL0052,$1327.24,20.15
ORD000298,1,PROD00025,SELL0001,$50.62,50.79
ORD000121,1,PROD00095,SELL0055,$1202.35,79.92
ORD000424,2,PROD00006,SELL0022,$847.22,51.73
ORD000012,3,PROD00082,SELL0013,$433.22,63.64
ORD000316,3,PROD00039,SELL0033,$496.03,2.48
ORD000342,3,PROD00044,SELL0026,$859.85,76.89
ORD000180,2,PROD00025,SELL0022,$1384.59,39.37
ORD000486,3,PROD00103,SELL0003,$216.59,14.12
ORD000472,3,PROD00115,SELL0056,$1345.45,38.07
ORD000424,1,PROD00119,SELL0048,$1255.13,25.35
ORD000324,1,PROD00072,SELL0035,$324.27,55.47
ORD000363,2,PROD00009,SELL0010,$1263.50,28.45
ORD000385,1,PROD00081,SELL0035,$862.91,32.39
ORD000120,2,PROD00111,SELL0051,$1062.32,26.53
ORD000033,1,PROD00035,SELL0027,$753.13,20.54
ORD000463,1,PROD00107,SELL0020,$794.77,15.65
ORD000384,1,PROD00101,SELL0003,$1371.33,36.61
ORD000026,3,PROD00103,SELL0031,$243.81,28.53
ORD000496,3,PROD00094,SELL0056,$475.88,27.53
ORD000101,3,PROD00106,SELL0034,$1489.19,18.0
ORD000038,3,PROD00059,SELL0025,$1299.24,11.04
ORD000319,3,PROD00120,SELL0003,$1274.46,70.01
ORD000342,1,PROD00060,SELL0057,$168.11,61.76
ORD000320,2,PROD00003,SELL0037,$963.69,18.37
ORD000206,2,PROD00025,SELL0019,$805.43,62.28
ORD000121,1,PROD00035,SELL0010,$421.35,3.19
ORD000574,1,PROD00066,SELL0007,$820.66,44.85
ORD000278,2,PROD00019,SELL0046,$867.51,15.36
ORD000319,2,PROD00079,SELL0058,$817.76,5.96
ORD000030,3,PROD00061,SELL0058,$89.93,31.92
ORD000089,1,PROD00055,SELL0026,$1061.45,71.52
ORD000457,2,PROD00079,SELL0023,$508.51,17.46
ORD000547,2,PROD00011,SELL0060,$858.17,9.25
ORD000480,2,PROD00013,SELL0030,$1031.45,57.4
ORD000477,1,PROD00061,SELL0015,$228.43,71.86
ORD000265,2,PROD00117,SELL0024,$287.28,73.55
ORD000339,2,PROD00101,SELL0056,$688.13,4.36
ORD000487,2,PROD00015,SELL0023,$699.94,15.32
ORD000357,1,PROD00078,SELL0037,$769.31,33.64
ORD000110,3,PROD00042,SELL0036,$120.32,25.57
ORD000473,2,PROD00052,SELL0038,$369.28,21.01
ORD000163,1,PROD00062,SELL0025,$520.96,65.49
ORD000442,3,PROD00101,SELL0028,$1184.18,44.47
ORD000242,3,PROD00023,SELL0043,$130.67,74.61
ORD000588,1,PROD00108,SELL0032,$894.36,38.11
ORD000569,2,PROD00013,SELL0053,$276.62,76.56
ORD000072,3,PROD00077,SELL0007,$1223.89,62.16
ORD000389,3,PROD00042,SELL0032,$995.34,9.06
ORD000143,3,PROD00114,SELL0038,$1217.61,61.05
ORD000153,2,PROD00058,SELL0035,$594.12,47.08
ORD000201,2,PROD00027,SELL0044,$460.11,63.96
ORD000312,2,PROD00118,SELL0060,$1080.92,73.38
ORD000092,3,PROD00075,SELL0001,$1479.84,33.53
ORD000131,1,PROD00110,SELL0019,$563.30,44.81
ORD000055,3,PROD00001,SELL0046,$1233.82,30.02
ORD000289,1,PROD00111,SELL0002,$656.10,48.03
ORD000326,2,PROD00092,SELL0025,$581.62,44.52
ORD000178,1,PROD00061,SELL0009,$839.80,67.78
ORD000369,1,PROD00108,SELL0027,$443.38,70.07
ORD000129,1,PROD00018,SELL0001,$977.86,13.23
ORD000499,1,PROD00085,SELL0028,$140.73,52.09
ORD000426,3,PROD00111,SELL0030,$912.58,35.2
ORD000185,2,PROD00059,SELL0033,$834.79,37.1
ORD000364,2,PROD00029,SELL0012,$912.79,47.08
ORD000243,2,PROD00092,SELL0033,$625.09,44.6
ORD000376,3,PROD00005,SELL0003,$732.65,30.75
ORD000595,1,PROD00062,SELL0045,$226.00,59.04
ORD000287,1,PROD00060,SELL0034,$792.18,49.59
ORD000252,3,PROD00061,SELL0041,$1000.65,54.16
ORD000553,2,PROD00103,SELL0038,$925.36,72.48
ORD000548,2,PROD00100,SELL0001,$689.24,72.67
ORD000588,2,PROD00094,SELL0022,$539.08,78.27
ORD000302,1,PROD00038,SELL0011,$1047.15,48.62
ORD000312,3,PROD00094,SELL0051,$401.76,51.09
ORD000593,1,PROD00022,SELL0037,$989.64,24.76
ORD000028,1,PROD00037,SELL0032,$203.33,8.0
ORD000285,3,PROD00033,SELL0009,$432.24,68.91
ORD000015,3,PROD00095,SELL0008,$274.30,48.16
ORD000155,2,PROD00085,SELL0029,$1214.64,22.38
ORD000242,3,PROD00063,SELL0012,$1295.09,28.74
ORD000087,1,PROD00019,SELL0039,$1258.86,60.72
ORD000423,1,PROD00099,SELL0025,$996.09,58.63
ORD000172,3,PROD00027,SELL0037,$1265.12,6.24
ORD000271,1,PROD00097,SELL0053,$93.00,38.19
ORD000488,3,PROD00039,SELL0031,$1423.15,73.95
ORD000240,3,PROD00049,SELL0044,$594.25,22.48
ORD000544,1,PROD00112,SELL0028,$443.86,64.19
ORD000392,3,PROD00087,SELL0021,$1029.07,5.2
ORD000545,2,PROD00082,SELL0023,$921.57,52.86
ORD000280,2,PROD00043,SELL0018,$1206.44,21.92
ORD000599,3,PROD00051,SELL0030,$1127.40,59.28
ORD000200,3,PROD00067,SELL0022,$1040.06,16.03
ORD000561,1,PROD00002,SELL0044,$1250.06,2.93
ORD000101,3,PROD00068,SELL0007,$677.22,19.11
ORD000291,1,PROD00033,SELL0013,$50.20,9.17
ORD000223,1,PROD00077,SELL0041,$1066.49,11.36
ORD000134,3,PROD00049,SELL0043,$855.61,77.44
ORD000114,2,PROD00090,SELL0012,$452.43,53.52
ORD000078,2,PROD00082,SELL0030,$1157.50,55.99
ORD000332,1,PROD00033,SELL0011,$426.77,6.87
ORD000398,2,PROD00043,SELL0004,$1434.07,22.64
ORD000452,1,PROD00009,SELL0032,$921.30,15.92
ORD000504,3,PROD00014,SELL0010,$1156.53,19.03
ORD000109,3,PROD00117,SELL0029,$399.61,4.72
ORD000073,2,PROD00074,SELL0047,$1169.20,3.46
ORD000510,3,PROD00020,SELL0042,$16.29,4.95
ORD000400,3,PROD00035,SELL0010,$504.80,32.52
ORD000004,2,PROD00066,SELL0046,$725.04,33.51
ORD000072,1,PROD00070,SELL0015,$585.87,55.76
ORD000494,3,PROD00016,SELL0037,$1403.54,30.0
ORD000311,3,PROD00052,SELL0004,$1495.57,52.47
ORD000375,2,PROD00069,SELL0055,$134.48,37.85
ORD000297,1,PROD00083,SELL0013,$838.40,77.47
ORD000196,2,PROD00039,SELL0045,$1346.24,51.19
ORD000368,3,PROD00063,SELL0006,$665.41,16.78
ORD000037,3,PROD00025,SELL0002,$1494.63,20.6
ORD000399,3,PROD00009,SELL0051,$970.46,40.98
ORD000461,2,PROD00003,SELL0003,$98.24,63.45
ORD000044,1,PROD00052,SELL0008,$1213.55,54.05
ORD000470,3,PROD00087,SELL0056,$236.20,47.19
ORD000074,1,PROD00005,SELL0048,$741.01,3.49
ORD000047,3,PROD00032,SELL0045,$208.85,15.44
ORD000052,1,PROD00116,SELL0020,$692.43,15.31
ORD000066,1,PROD00105,SELL0053,$184.56,48.41
ORD000226,1,PROD00009,SELL0052,$647.92,65.3
ORD000412,3,PROD00042,SELL0008,$870.31,12.71
ORD000219,3,PROD00098,SELL0003,$272.57,6.93
ORD000281,2,PROD00019,SELL0049,$264.56,30.85
ORD000169,3,PROD00057,SELL0016,$75.44,9.8
ORD000386,1,PROD00100,SELL0011,$1321.25,8.3
ORD000008,1,PROD00023,SELL0060,$1064.51,48.31
ORD000291,2,PROD00054,SELL0045,$1043.15,18.08
ORD000278,2,PROD00067,SELL0029,$370.29,15.61
ORD000039,3,PROD00077,SELL0012,$757.33,76.12
ORD000309,1,PROD00045,SELL0027,$843.20,16.97
ORD000543,2,PROD00013,SELL0040,$1296.16,78.97
ORD000520,3,PROD00029,SELL0030,$994.10,23.56
ORD000199,1,PROD00015,SELL0051,$1032.59,77.55
ORD000486,1,PROD00064,SELL0012,$1010.16,5.36
ORD000373,2,PROD00037,SELL0014,$388.30,50.11
ORD000465,3,PROD00006,SELL0007,$92.90,43.91
ORD000162,2,PROD00101,SELL0002,$779.63,7.53
ORD000241,3,PROD00093,SELL0029,$875.95,34.69
ORD000334,1,PROD00030,SELL0050,$499.31,9.65
ORD000423,2,PROD00112,SELL0013,$1338.68,7.74
ORD000600,2,PROD00063,SELL0004,$230.24,74.38
ORD000466,2,PROD00023,SELL0025,$217.56,58.15
ORD000368,2,PROD00035,SELL0013,$203.91,55.99
ORD000062,1,PROD00036,SELL0009,$1279.70,37.77
ORD000176,1,PROD00098,SELL0022,$1331.32,49.08
ORD000175,1,PROD00074,SELL0036,$143.41,68.84
ORD000501,3,PROD00111,SELL0014,$718.13,38.1
ORD000015,3,PROD00094,SELL0028,$1310.81,21.33
ORD000445,3,PROD00075,SELL0015,$1420.18,73.27
ORD000006,1,PROD00054,SELL0003,$1487.04,59.21
ORD000517,3,PROD00005,SELL0028,$600.57,65.16
ORD000101,1,PROD00058,SELL0032,$138.39,60.74
ORD000417,2,PROD00028,SELL0009,$454.25,52.52
ORD000093,3,PROD00003,SELL0031,$467.68,56.86
ORD000585,1,PROD00096,SELL0038,$1464.98,38.17
ORD000142,2,PROD00112,SELL0046,$289.64,69.98
ORD000476,1,PROD00091,SELL0041,$1292.67,7.51
ORD000341,2,PROD00068,SELL0003,$647.46,23.04
ORD000556,1,PROD00074,SELL0051,$1184.72,8.31
ORD000344,1,PROD00095,SELL0060,$779.38,72.98
ORD000373,1,PROD00114,SELL0004,$583.69,38.3
ORD000042,1,PROD00047,SELL0024,$977.54,56.98
ORD000575,1,PROD00091,SELL0050,$220.53,28.12
ORD000553,2,PROD00015,SELL0042,$1110.01,60.68
ORD000215,1,PROD00097,SELL0048,$490.89,72.04
ORD000516,2,PROD00088,SELL0028,$95.87,31.08
ORD000464,3,PROD00063,SELL0033,$1246.90,38.67
ORD000545,3,PROD00087,SELL0053,$1350.69,37.25
ORD000377,3,PROD00103,SELL0044,$1216.06,75.39
ORD000068,2,PROD00025,SELL0058,$144.65,32.47
ORD000184,1,PROD00037,SELL0005,$259.68,10.74
ORD000152,1,PROD00064,SELL0010,$788.22,50.93
ORD000301,3,PROD00054,SELL0044,$1398.61,38.96
ORD000431,3,PROD00057,SELL0048,$46.90,16.75
ORD000023,1,PROD00112,SELL0052,$1254.90,42.53
ORD000344,2,PROD00053,SELL0038,$988.80,63.37
ORD000498,3,PROD00076,SELL0043,$802.30,44.78
ORD000469,1,PROD00039,SELL0037,$1348.95,25.91
ORD000267,2,PROD00030,SELL0031,$1456.53,62.04
ORD000049,2,PROD00019,SELL0023,$692.05,14.98
ORD000165,2,PROD00092,SELL0035,$285.69,15.68
ORD000158,1,PROD00021,SELL0016,$76.11,26.7
ORD000130,2,PROD00057,SELL0017,$288.98,45.87
ORD000036,2,PROD00086,SELL0021,$234.70,36.98
ORD000167,1,PROD00069,SELL0020,$1381.84,33.56
ORD000512,2,PROD00099,SELL0010,$1392.80,14.17
ORD000560,3,PROD00065,SELL0022,$1062.60,38.97
ORD000297,3,PROD00097,SELL0037,$233.42,46.09
ORD000453,1,PROD00044,SELL0045,$1101.49,72.21
ORD000143,1,PROD00087,SELL0036,$472.50,33.33
ORD000226,1,PROD00058,SELL0023,$499.65,49.44
ORD000200,1,PROD00075,SELL0034,$1175.21,61.83
ORD000201,3,PROD00003,SELL0006,$1276.44,54.81
ORD000090,1,PROD00066,SELL0026,$743.34,49.05
ORD000524,3,PROD00008,SELL0059,$551.18,13.54
ORD000438,2,PROD00048,SELL0025,$33.10,28.9
ORD000316,3,PROD00058,SELL0056,$145.08,58.77
ORD000455,2,PROD00095,SELL0027,$443.62,64.84
ORD000435,2,PROD00094,SELL0058,$222.26,47.8
ORD000089,2,PROD00019,SELL0014,$719.80,69.67
ORD000344,3,PROD00009,SELL0060,$1137.83,8.9
ORD000420,2,PROD00082,SELL0059,$630.55,45.35
ORD000582,1,PROD00097,SELL0059,$310.90,66.92
ORD000297,1,PROD00071,SELL0032,$1236.86,25.56
ORD000600,3,PROD00039,SELL0032,$1113.69,19.51
ORD000003,2,PROD00020,SELL0017,$1434.70,67.07
ORD000484,3,PROD00016,SELL0042,$1340.64,34.54
ORD000504,3,PROD00117,SELL0045,$378.45,11.31
ORD000284,3,PROD00064,SELL0005,$1122.16,47.32
ORD000580,2,PROD00056,SELL0056,$947.57,39.13
ORD000123,3,PROD00048,SELL0033,$869.27,67.93
ORD000167,1,PROD00075,SELL0004,$489.73,70.51
ORD000139,1,PROD00046,SELL0011,$419.92,34.72
ORD000365,2,PROD00007,SELL0019,$801.47,75.03
ORD000527,3,PROD00025,SELL0050,$287.12,9.37
ORD000172,2,PROD00070,SELL0021,$1242.83,55.43
ORD000309,3,PROD00035,SELL0044,$1037.19,9.48
ORD000594,1,PROD00046,SELL0053,$34.15,42.42
ORD000382,2,PROD00100,SELL0032,$520.36,73.04
ORD000105,3,PROD00028,SELL0010,$343.35,16.7
ORD000573,3,PROD00079,SELL0045,$1271.41,57.58
ORD000117,1,PROD00054,SELL0030,$188.10,12.24
ORD000018,2,PROD00062,SELL0023,$1041.21,12.84
ORD000453,3,PROD00114,SELL0039,$1148.93,28.68
ORD000312,1,PROD00004,SELL0048,$345.20,68.83
ORD000146,2,PROD00089,SELL0015,$201.14,12.16
ORD000081,1,PROD00055,SELL0045,$130.44,62.43
ORD000442,1,PROD00006,SELL0013,$63.70,53.46
ORD000061,2,PROD00061,SELL0008,$79.27,25.53
ORD000011,1,PROD00097,SELL0007,$1381.35,18.02
ORD000205,2,PROD00024,SELL0043,$58.45,13.35
ORD000285,2,PROD00075,SELL0023,$253.43,41.05
ORD000248,1,PROD00065,SELL0037,$162.17,47.09
ORD000015,3,PROD00068,SELL0014,$299.45,23.98
ORD000551,1,PROD00001,SELL0047,$1387.48,73.8
ORD000487,3,PROD00047,SELL0045,$289.91,54.54
ORD000110,2,PROD00024,SELL0054,$1472.23,35.08
ORD000527,1,PROD00030,SELL0027,$1145.69,26.51
ORD000478,1,PROD00015,SELL0034,$751.29,30.18
ORD000296,1,PROD00072,SELL0047,$137.14,40.51
ORD000395,3,PROD00037,SELL0030,$1108.22,55.59
ORD000455,2,PROD00029,SELL0036,$446.53,68.72
ORD000194,2,PROD00110,SELL0005,$1409.54,30.66
ORD000014,3,PROD00087,SELL0032,$171.18,36.17
ORD000088,2,PROD00016,SELL0010,$609.93,48.06
ORD000105,1,PROD00095,SELL0060,$111.09,78.07
ORD000347,2,PROD00026,SELL0039,$197.30,67.37
ORD000512,3,PROD00036,SELL0049,$1152.47,48.3
ORD000410,3,PROD00046,SELL0031,$910.70,33.55
ORD000497,1,PROD00066,SELL0018,$1155.48,10.43
ORD000257,1,PROD00063,SELL0032,$948.13,12.5
ORD000102,1,PROD00095,SELL0004,$754.73,4.09
ORD000184,3,PROD00049,SELL0039,$500.53,25.61
ORD000099,3,PROD00098,SELL0005,$1131.14,61.87
ORD000478,3,PROD00026,SELL0019,$754.38,41.37
ORD000556,3,PROD00044,SELL0052,$826.73,76.3
ORD000033,1,PROD00056,SELL0057,$584.69,26.54
ORD000386,1,PROD00057,SELL0030,$63.80,45.42
ORD000311,1,PROD00114,SELL0046,$744.85,12.49
ORD000399,1,PROD00063,SELL0049,$859.75,40.26
ORD000568,3,PROD00088,SELL0035,$712.68,45.86
ORD000161,2,PROD00065,SELL0004,$406.14,48.1
ORD000387,2,PROD00079,SELL0044,$1153.21,24.19
ORD000063,1,PROD00004,SELL0038,$205.37,30.58
ORD000598,3,PROD00004,SELL0049,$521.77,9.59
ORD000354,2,PROD00046,SELL0027,$98.83,21.05
ORD000241,3,PROD00083,SELL0020,$141.14,55.66
ORD000313,1,PROD00015,SELL0022,$44.27,27.44
ORD000472,2,PROD00085,SELL0056,$858.55,72.31
ORD000274,2,PROD00003,SELL0045,$888.16,78.89
ORD000387,2,PROD00074,SELL0025,$865.22,65.05
ORD000103,1,PROD00089,SELL0044,$513.91,41.22
ORD000348,2,PROD00022,SELL0040,$554.55,36.01
ORD000509,1,PROD00082,SELL0055,$1262.97,43.8
ORD000295,2,PROD00034,SELL0004,$1494.40,33.36
ORD000232,1,PROD00080,SELL0048,$1080.79,47.1
ORD000345,3,PROD00035,SELL0005,$1204.76,39.07
ORD000215,1,PROD00045,SELL0051,$982.53,25.54
ORD000308,3,PROD00056,SELL0043,$480.33,34.32
ORD000258,2,PROD00080,SELL0033,$1012.27,44.71
ORD000020,3,PROD00081,SELL0046,$1296.12,46.99
ORD000219,3,PROD00085,SELL0053,$1408.08,22.9
ORD000546,2,PROD00104,SELL0040,$1402.93,58.68
ORD000062,2,PROD00067,SELL0013,$701.79,20.75
ORD000308,2,PROD00109,SELL0028,$488.20,66.76
ORD000066,2,PROD00082,SELL0014,$411.40,24.39
ORD000165,3,PROD00033,SELL0044,$365.65,20.6
ORD000154,1,PROD00025,SELL0002,$1198.61,26.22
ORD000498,2,PROD00072,SELL0028,$975.68,4.89
ORD000164,1,PROD00035,SELL0009,$398.72,64.68
ORD000564,1,PROD00023,SELL0042,$1446.22,39.9
ORD000021,1,PROD00008,SELL0056,$481.15,25.24
ORD000066,2,PROD00116,SELL0027,$1012.43,71.09
ORD000407,1,PROD00108,SELL0047,$365.52,46.54
ORD000513,3,PROD00120,SELL0008,$1001.36,47.27
ORD000538,1,PROD00033,SELL0032,$368.54,11.54
ORD000321,3,PROD00043,SELL0054,$1109.80,64.86
ORD000242,1,PROD00120,SELL0028,$229.25,15.66
ORD000282,2,PROD00057,SELL0027,$1296.41,6.36
ORD000547,1,PROD00048,SELL0045,$484.99,35.05
ORD000253,1,PROD00036,SELL0057,$554.05,57.82
ORD000316,3,PROD00003,SELL0042,$66.69,59.68
ORD000056,3,PROD00089,SELL0059,$370.92,45.11
ORD000317,2,PROD00082,SELL0045,$1356.19,55.45
ORD000548,2,PROD00111,SELL0016,$591.88,72.96
ORD000403,2,PROD00119,SELL0059,$461.82,75.03
ORD000242,1,PROD00039,SELL0014,$1375.10,51.25
ORD000417,2,PROD00102,SELL0003,$1301.67,66.21
ORD000504,2,PROD00061,SELL0048,$1390.85,27.95
ORD000433,1,PROD00113,SELL0059,$1239.24,56.48
ORD000519,2,PROD00009,SELL0023,$909.14,65.45
ORD000335,1,PROD00059,SELL0045,$1146.53,52.03
ORD000189,3,PROD00081,SELL0029,$217.10,33.25
ORD000313,1,PROD00041,SELL0037,$179.58,21.47
ORD000134,3,PROD00109,SELL0039,$624.32,75.27
ORD000463,3,PROD00062,SELL0056,$213.26,15.53
ORD000336,1,PROD00103,SELL0019,$140.33,30.67
ORD000403,3,PROD00113,SELL0025,$348.36,75.95
ORD000572,3,PROD00083,SELL0040,$354.63,8.94
ORD000474,3,PROD00026,SELL0017,$1279.97,5.88
ORD000440,1,PROD00077,SELL0017,$147.26,30.7
ORD000581,3,PROD00016,SELL0001,$795.87,62.32
ORD000465,2,PROD00106,SELL0044,$190.99,57.66
ORD000196,2,PROD00111,SELL0053,$442.62,40.55
ORD000134,1,PROD00056,SELL0055,$906.12,79.63
ORD000290,1,PROD00094,SELL0044,$636.22,33.86
ORD000150,2,PROD00004,SELL0019,$364.70,37.18
ORD000255,3,PROD00048,SELL0038,$976.14,8.69
ORD000481,2,PROD00018,SELL0056,$1461.98,33.01
ORD000218,3,PROD00092,SELL0025,$643.59,48.58
ORD000075,1,PROD00013,SELL0036,$92.39,74.62
ORD000483,3,PROD00117,SELL0023,$1409.89,77.44
ORD000047,3,PROD00001,SELL0017,$935.19,25.6
ORD000405,1,PROD00086,SELL0024,$1452.57,45.65
ORD000595,1,PROD00023,SELL0017,$763.06,74.57
ORD000480,2,PROD00017,SELL0006,$1069.73,35.77
ORD000267,1,PROD00015,SELL0021,$1468.10,40.94
ORD000288,2,PROD00096,SELL0024,$435.14,70.4
ORD000271,2,PROD00067,SELL0021,$1340.62,26.61
ORD000504,3,PROD00098,SELL0010,$1281.75,53.28
ORD000451,1,PROD00007,SELL0013,$96.03,16.29
ORD000482,3,PROD00034,SELL0011,$708.69,11.05
ORD000507,2,PROD00006,SELL0029,$1483.40,45.75
ORD000469,3,PROD00064,SELL0008,$1302.32,11.65
ORD000096,2,PROD00027,SELL0056,$283.27,15.13
ORD000521,3,PROD00106,SELL0018,$1337.98,47.68
ORD000598,3,PROD00001,SELL0034,$283.14,73.79
ORD000253,3,PROD00099,SELL0032,$155.04,27.64
ORD000292,1,PROD00088,SELL0044,$600.34,48.05
ORD000109,1,PROD00108,SELL0021,$57.88,37.9
ORD000492,2,PROD00059,SELL0041,$897.39,2.45
ORD000045,2,PROD00084,SELL0040,$497.50,59.06
ORD000583,1,PROD00017,SELL0014,$1205.31,24.07
ORD000057,3,PROD00096,SELL0005,$1428.57,31.75
ORD000409,1,PROD00033,SELL0012,$1448.10,69.51
ORD000092,1,PROD00003,SELL0055,$256.97,62.8
ORD000292,3,PROD00083,SELL0049,$243.89,25.29
ORD000443,2,PROD00095,SELL0052,$1357.05,49.07
ORD000368,2,PROD00086,SELL0007,$776.29,40.19
ORD000398,3,PROD00061,SELL0018,$906.51,9.04
ORD000433,3,PROD00104,SELL0024,$291.74,51.19
ORD000096,2,PROD00006,SELL0033,$1460.31,54.76
ORD000159,3,PROD00120,SELL0032,$949.90,42.92
ORD000298,1,PROD00060,SELL0028,$1362.20,39.25
ORD000153,2,PROD00017,SELL0044,$1264.68,42.8
ORD000303,3,PROD00073,SELL0004,$128.65,5.52
ORD000111,2,PROD00066,SELL0028,$155.31,53.55
ORD000583,2,PROD00105,SELL0017,$393.47,8.38
ORD000516,3,PROD00003,SELL0008,$997.44,16.01
ORD000187,1,PROD00108,SELL0026,$138.69,70.39
ORD000305,3,PROD00041,SELL0038,$690.67,54.28
ORD000272,1,PROD00044,SELL0059,$328.44,8.1
ORD000266,1,PROD00112,SELL0044,$659.19,3.4
ORD000405,1,PROD00015,SELL0001,$988.86,37.89
ORD000415,3,PROD00112,SELL0043,$908.80,39.96
ORD000370,3,PROD00089,SELL0044,$1017.53,64.76
ORD000090,1,PROD00017,SELL0009,$298.34,65.65
ORD000193,1,PROD00110,SELL0002,$729.46,13.32
ORD000248,3,PROD00056,SELL0054,$1289.41,44.01
ORD000089,2,PROD00039,SELL0050,$235.03,34.91
ORD000120,1,PROD00022,SELL0058,$1112.09,36.73
ORD000497,2,PROD00061,SELL0002,$884.06,17.7
ORD000584,2,PROD00107,SELL0054,$90.62,2.61
ORD000443,2,PROD00054,SELL0055,$1109.56,48.48
ORD000568,2,PROD00038,SELL0003,$608.53,42.04
ORD000500,1,PROD00030,SELL0046,$799.54,34.92
ORD000324,2,PROD00071,SELL0005,$1340.92,34.54
ORD000485,3,PROD00015,SELL0032,$1409.36,29.05
ORD000447,2,PROD00003,SELL0011,$1093.42,38.6
ORD000449,1,PROD00030,SELL0033,$887.67,55.43
ORD000480,2,PROD00017,SELL0057,$1088.65,32.45
ORD000427,3,PROD00107,SELL0044,$1105.86,64.09
ORD000166,2,PROD00080,SELL0014,$1040.69,8.72
ORD000495,1,PROD00017,SELL0012,$247.13,40.39
ORD000426,1,PROD00064,SELL0020,$326.01,5.67
ORD000019,2,PROD00046,SELL0057,$545.21,14.37
ORD000516,1,PROD00005,SELL0052,$516.54,10.89
ORD000233,1,PROD00016,SELL0036,$737.25,79.51
ORD000364,3,PROD00099,SELL0003,$412.22,13.79
ORD000528,1,PROD00078,SELL0043,$1064.01,74.28
ORD000449,1,PROD00103,SELL0030,$1462.37,62.97
ORD000105,1,PROD00106,SELL0036,$768.35,15.03
ORD000121,2,PROD00112,SELL0014,$248.19,24.79
ORD000453,2,PROD00098,SELL0033,$1102.84,9.74
ORD000373,1,PROD00043,SELL0053,$197.63,17.75
ORD000426,1,PROD00099,SELL0050,$379.29,65.11
ORD000350,1,PROD00037,SELL0033,$141.57,31.05
ORD000425,3,PROD00047,SELL0041,$379.50,60.75
ORD000543,1,PROD00054,SELL0051,$219.92,35.45
ORD000420,3,PROD00115,SELL0030,$1194.99,30.22
ORD000031,1,PROD00057,SELL0010,$1080.67,42.35
ORD000072,2,PROD00011,SELL0022,$611.45,62.25
ORD000445,1,PROD00008,SELL0026,$995.36,52.03
ORD000589,3,PROD00008,SELL0041,$1201.62,70.31
ORD000303,3,PROD00054,SELL0026,$1055.67,70.14
ORD000322,1,PROD00117,SELL0023,$1243.10,72.22
ORD000151,2,PROD00090,SELL0026,$971.16,71.23
ORD000453,3,PROD00090,SELL0023,$615.69,17.39
ORD000309,3,PROD00011,SELL0003,$511.72,58.56
ORD000130,2,PROD00067,SELL0035,$332.40,41.91
ORD000320,3,PROD00067,SELL0022,$252.64,4.18
ORD000553,1,PROD00076,SELL0017,$1250.86,25.71
ORD000433,3,PROD00065,SELL0008,$104.02,31.09
ORD000520,1,PROD00046,SELL0008,$1138.49,75.42
ORD000460,3,PROD00039,SELL0037,$22.74,28.44
ORD000242,3,PROD00104,SELL0048,$854.91,71.76
ORD000547,1,PROD00109,SELL0039,$535.25,24.19
ORD000587,3,PROD00087,SELL0009,$575.83,59.53
ORD000108,3,PROD00042,SELL0034,$300.94,62.73
ORD000466,3,PROD00013,SELL0010,$647.15,34.14
ORD000095,1,PROD00008,SELL0028,$722.24,36.8
ORD000379,2,PROD00087,SELL0034,$888.54,42.48
ORD000405,3,PROD00112,SELL0017,$755.76,35.03
ORD000451,2,PROD00089,SELL0060,$1101.60,34.52
ORD000167,1,PROD00019,SELL0033,$734.88,37.7
ORD000526,1,PROD00111,SELL0034,$1046.29,37.52
ORD000034,3,PROD00096,SELL0011,$563.46,76.24
ORD000419,2,PROD00015,SELL0008,$864.07,5.14
ORD000157,2,PROD00016,SELL0024,$1486.66,25.65
ORD000498,1,PROD00004,SELL0051,$226.08,47.99
ORD000050,2,PROD00120,SELL0058,$1335.25,18.82
ORD000501,3,PROD00001,SELL0008,$532.74,69.89
ORD000428,2,PROD00062,SELL0037,$855.16,72.22
ORD000387,3,PROD00061,SELL0054,$1253.02,12.36
ORD000142,2,PROD00065,SELL0041,$1146.09,54.04
ORD000153,2,PROD00111,SELL0047,$147.63,50.73
ORD000420,2,PROD00050,SELL0015,$518.41,5.57
ORD000454,3,PROD00095,SELL0018,$146.47,14.92
ORD000026,3,PROD00074,SELL0041,$473.64,52.32
ORD000573,3,PROD00011,SELL0013,$819.62,61.09
ORD000584,2,PROD00067,SELL0013,$761.42,3.46
ORD000545,2,PROD00024,SELL0002,$1183.33,21.13
ORD000594,3,PROD00057,SELL0006,$916.18,33.34
ORD000047,1,PROD00063,SELL0056,$519.84,16.08
ORD000025,2,PROD00111,SELL0034,$582.29,9.1
ORD000102,2,PROD00070,SELL0011,$228.89,21.93
ORD000092,2,PROD00020,SELL0020,$1022.73,6.6
ORD000334,3,PROD00024,SELL0002,$101.88,32.42
ORD000328,2,PROD00019,SELL0027,$398.03,75.44
ORD000124,1,PROD00007,SELL0013,$1131.92,47.71
ORD000505,3,PROD00066,SELL0049,$586.80,10.98
ORD000063,3,PROD00041,SELL0030,$619.51,39.77
ORD000418,1,PROD00082,SELL0015,$414.70,77.15
ORD000104,3,PROD00032,SELL0049,$982.55,11.79
ORD000582,1,PROD00053,SELL0029,$1271.72,41.03
ORD000146,1,PROD00048,SELL0035,$1176.31,43.93
ORD000434,2,PROD00117,SELL0036,$77.06,65.39
ORD000297,1,PROD00084,SELL0011,$104.36,73.9
ORD000280,3,PROD00077,SELL0017,$579.53,29.41
ORD000218,3,PROD00075,SELL0054,$432.75,14.59
ORD000547,2,PROD00073,SELL0005,$148.23,56.48
ORD000144,2,PROD00093,SELL0036,$1319.24,18.45
ORD000517,3,PROD00103,SELL0021,$1418.93,51.54
ORD000464,3,PROD00035,SELL0016,$1474.79,28.65
ORD000471,1,PROD00077,SELL0022,$1372.32,12.43
ORD000003,1,PROD00078,SELL0031,$1353.65,54.47
ORD000424,3,PROD00072,SELL0058,$1059.40,61.47
ORD000552,3,PROD00011,SELL0051,$982.13,44.01
ORD000456,2,PROD00087,SELL0008,$1458.48,31.36
ORD000367,3,PROD00050,SELL0012,$1475.94,11.73
ORD000380,2,PROD00120,SELL0013,$28.90,59.97
ORD000288,3,PROD00088,SELL0059,$546.36,9.02
ORD000311,1,PROD00104,SELL0046,$362.87,40.52
ORD000372,2,PROD00005,SELL0018,$1358.19,57.14
ORD000215,3,PROD00001,SELL0013,$603.19,69.85
ORD000583,1,PROD00065,SELL0032,$834.40,53.47
ORD000580,3,PROD00087,SELL0044,$854.23,7.1
ORD000132,1,PROD00096,SELL0005,$400.54,46.45
ORD000234,3,PROD00113,SELL0034,$1176.65,16.96
ORD000024,3,PROD00089,SELL0044,$927.47,55.09
ORD000465,3,PROD00001,SELL0028,$1014.55,52.7
ORD000331,2,PROD00056,SELL0055,$421.94,55.05
ORD000478,3,PROD00064,SELL0024,$1142.15,70.94
ORD000230,2,PROD00007,SELL0018,$805.63,26.67
ORD000402,1,PROD00025,SELL0022,$1321.95,65.0
ORD000232,1,PROD00089,SELL0028,$1376.74,17.36
ORD000338,3,PROD00040,SELL0005,$943.56,4.17
ORD000443,3,PROD00104,SELL0002,$1198.87,74.93
ORD000257,2,PROD00032,SELL0007,$368.96,28.58
ORD000056,3,PROD00106,SELL0022,$1194.26,75.6
ORD000450,3,PROD00098,SELL0007,$677.99,11.74
ORD000063,2,PROD00118,SELL0003,$480.22,68.12
ORD000067,1,PROD00101,SELL0009,$1379.89,36.47
ORD000309,2,PROD00079,SELL0041,$112.70,54.85
ORD000573,2,PROD00007,SELL0019,$611.50,50.15
ORD000421,3,PROD00030,SELL0056,$1184.40,50.67
ORD000465,2,PROD00050,SELL0030,$1321.71,50.3
ORD000348,1,PROD00084,SELL0044,$689.30,27.6
ORD000198,1,PROD00014,SELL0007,$898.84,7.27
ORD000199,1,PROD00116,SELL0037,$961.49,21.99
ORD000432,3,PROD00062,SELL0047,$675.27,20.97
ORD000046,2,PROD00008,SELL0009,$883.02,42.02
ORD000367,3,PROD00040,SELL0038,$1166.61,13.5
ORD000317,2,PROD00078,SELL0022,$562.71,2.63
ORD000149,3,PROD00008,SELL0016,$1231.49,45.64
ORD000056,1,PROD00055,SELL0023,$1465.12,51.96
ORD000207,2,PROD00101,SELL0005,$296.19,39.11
ORD000479,2,PROD00077,SELL0045,$1280.23,46.16
ORD000344,2,PROD00079,SELL0020,$503.00,10.18
ORD000044,1,PROD00064,SELL0015,$963.57,56.07
ORD000478,1,PROD00080,SELL0014,$728.91,61.93
ORD000340,2,PROD00104,SELL0048,$319.89,16.37
ORD000007,1,PROD00047,SELL0001,$546.46,45.27
ORD000146,1,PROD00038,SELL0029,$952.53,73.19
ORD000369,1,PROD00006,SELL0002,$308.77,15.58
ORD000269,2,PROD00093,SELL0012,$1273.59,21.19
ORD000201,2,PROD00003,SELL0012,$1367.31,3.64
ORD000141,1,PROD00049,SELL0042,$517.50,18.4
ORD000468,2,PROD00031,SELL0024,$996.45,75.41
ORD000445,1,PROD00113,SELL0046,$190.96,70.85
ORD000134,1,PROD00102,SELL0013,$805.84,56.16
ORD000326,3,PROD00077,SELL0028,$378.16,5.6
ORD000194,2,PROD00110,SELL0035,$1187.54,27.56
ORD000055,2,PROD00081,SELL0051,$1311.18,68.42
ORD000599,1,PROD00114,SELL0032,$1095.04,63.2
ORD000067,2,PROD00022,SELL0033,$1130.69,52.32
ORD000522,3,PROD00048,SELL0032,$704.44,27.1
ORD000383,2,PROD00068,SELL0045,$1077.74,40.59
ORD000275,3,PROD00075,SELL0026,$1382.96,47.55
ORD000038,1,PROD00027,SELL0015,$686.34,20.28
ORD000224,2,PROD00040,SELL0028,$863.49,74.97
ORD000384,1,PROD00033,SELL0036,$214.48,8.55
ORD000456,1,PROD00067,SELL0023,$882.18,38.29
ORD000345,2,PROD00055,SELL0029,$657.27,30.67
ORD000510,2,PROD00041,SELL0018,$51.71,36.45
ORD000272,2,PROD00083,SELL0005,$1353.69,24.97
ORD000514,3,PROD00066,SELL0035,$131.07,23.56
ORD000234,1,PROD00013,SELL0008,$549.95,44.59
ORD000342,2,PROD00026,SELL0044,$386.29,60.13
ORD000282,3,PROD00025,SELL0046,$1497.02,79.88
ORD000557,1,PROD00117,SELL0017,$1158.56,23.98
ORD000355,2,PROD00101,SELL0026,$1235.46,61.11
ORD000013,3,PROD00061,SELL0042,$1484.07,76.22
ORD000408,3,PROD00030,SELL0015,$1127.47,39.01
ORD000529,3,PROD00076,SELL0051,$1140.07,58.36
ORD000473,1,PROD00044,SELL0051,$479.92,16.65
ORD000428,2,PROD00027,SELL0029,$1281.62,4.35
ORD000143,1,PROD00074,SELL0056,$468.77,59.55
ORD000512,2,PROD00104,SELL0043,$519.64,34.69
ORD000414,3,PROD00098,SELL0050,$813.34,27.43
ORD000024,1,PROD00073,SELL0051,$1384.38,13.99
ORD000339,3,PROD00073,SELL0041,$1371.92,46.76
ORD000401,2,PROD00049,SELL0014,$109.61,32.14
ORD000487,3,PROD00014,SELL0022,$1443.48,51.84
ORD000312,1,PROD00012,SELL0011,$1017.21,15.86
ORD000501,1,PROD00004,SELL0012,$118.19,77.11
ORD000291,2,PROD00027,SELL0015,$994.46,7.46
ORD000059,1,PROD00048,SELL0034,$270.16,69.06
ORD000421,1,PROD00051,SELL0011,$206.77,34.64
ORD000071,1,PROD00050,SELL0058,$207.95,18.04
ORD000443,3,PROD00105,SELL0046,$720.05,49.09
ORD000318,3,PROD00076,SELL0013,$1079.41,37.8
ORD000207,2,PROD00001,SELL0010,$110.00,33.14
ORD000253,3,PROD00068,SELL0022,$1320.67,37.9
ORD000590,1,PROD00006,SELL0048,$442.55,70.72
ORD000468,3,PROD00045,SELL0045,$1191.63,32.51
ORD000180,1,PROD00054,SELL0016,$1351.45,59.19
ORD000469,3,PROD00050,SELL0059,$287.41,46.35
ORD000403,1,PROD00090,SELL0003,$1330.03,14.32
ORD000551,1,PROD00038,SELL0043,$1051.60,58.35
ORD000223,2,PROD00117,SELL0032,$1488.70,45.12
ORD000378,1,PROD00010,SELL0049,$764.03,62.8
ORD000420,2,PROD00058,SELL0011,$322.95,5.48
ORD000028,3,PROD00010,SELL0041,$1018.30,38.03
ORD000352,1,PROD00096,SELL0026,$604.06,2.84
ORD000118,1,PROD00091,SELL0059,$500.76,60.4
ORD000497,1,PROD00060,SELL0005,$829.42,20.9
ORD000449,2,PROD00018,SELL0031,$1264.72,15.31
ORD000019,1,PROD00078,SELL0007,$451.80,43.7
ORD000401,3,PROD00022,SELL0005,$1148.93,54.84
ORD000158,1,PROD00057,SELL0023,$336.76,4.69
ORD000546,3,PROD00028,SELL0029,$85.92,51.51
ORD000536,3,PROD00083,SELL0043,$995.16,10.02
ORD000316,3,PROD00057,SELL0004,$21.93,62.25
ORD000207,2,PROD00119,SELL0016,$1364.50,17.6
ORD000017,1,PROD00054,SELL0002,$515.62,16.99
ORD000065,1,PROD00029,SELL0057,$1198.43,66.78
ORD000172,1,PROD00093,SELL0011,$632.28,10.4
ORD000335,3,PROD00042,SELL0036,$296.48,18.16
ORD000555,1,PROD00051,SELL0028,$360.13,10.26
ORD000332,2,PROD00023,SELL0001,$986.18,2.93
ORD000218,1,PROD00059,SELL0015,$992.07,23.72
ORD000378,1,PROD00006,SELL0005,$625.48,61.87
ORD000512,3,PROD00014,SELL0046,$1190.02,73.93
ORD000583,1,PROD00022,SELL0017,$905.80,78.55
ORD000398,3,PROD00087,SELL0060,$212.40,15.68
ORD000326,2,PROD00109,SELL0043,$115.26,3.38
ORD000600,3,PROD00058,SELL0025,$966.28,20.13
ORD000014,3,PROD00030,SELL0002,$1142.03,11.68
ORD000243,1,PROD00095,SELL0028,$935.35,6.67
ORD000384,1,PROD00064,SELL0019,$240.23,17.94
ORD000039,3,PROD00031,SELL0060,$903.14,75.78
ORD000337,2,PROD00018,SELL0018,$970.75,61.32
ORD000534,3,PROD00102,SELL0027,$1221.88,60.54
ORD000235,2,PROD00109,SELL0047,$523.95,18.05
ORD000056,3,PROD00117,SELL0059,$1482.74,64.51
ORD000228,2,PROD00078,SELL0056,$789.39,16.32
ORD000007,2,PROD00009,SELL0056,$118.93,17.01
ORD000145,1,PROD00027,SELL0009,$272.91,44.81
ORD000210,1,PROD00031,SELL0033,$647.97,38.43
ORD000169,1,PROD00093,SELL0013,$644.66,49.26
ORD000311,2,PROD00037,SELL0037,$1452.07,17.71
ORD000493,2,PROD00011,SELL0024,$575.91,38.72
ORD000433,3,PROD00065,SELL0040,$658.64,14.16
ORD000494,2,PROD00003,SELL0049,$649.68,8.49
ORD000308,1,PROD00077,SELL0035,$835.99,15.7
ORD000390,2,PROD00060,SELL0020,$435.59,45.85
ORD000493,1,PROD00010,SELL0022,$1076.57,17.27
ORD000195,3,PROD00001,SELL0001,$1099.60,31.19
ORD000415,2,PROD00119,SELL0027,$1456.18,31.11
ORD000502,3,PROD00040,SELL0042,$120.78,71.03
ORD000128,3,PROD00050,SELL0060,$256.11,61.51
ORD000262,3,PROD00099,SELL0059,$532.64,57.31
ORD000378,3,PROD00090,SELL0004,$587.22,35.08
ORD000253,1,PROD00032,SELL0031,$1383.38,30.19
ORD000029,3,PROD00090,SELL0043,$234.61,49.22
ORD000151,3,PROD00033,SELL0016,$873.84,53.68
ORD000166,1,PROD00002,SELL0008,$971.93,73.52
ORD000408,1,PROD00091,SELL0038,$785.03,16.73
ORD000434,2,PROD00022,SELL0054,$390.51,25.57
ORD000546,2,PROD00085,SELL0057,$885.33,59.25
ORD000092,3,PROD00014,SELL0041,$1168.39,28.86
ORD000147,1,PROD00035,SELL0048,$1396.08,33.04
ORD000316,2,PROD00001,SELL0011,$17.34,7.45
ORD000428,3,PROD00068,SELL0027,$443.19,35.61
ORD000181,3,PROD00048,SELL0012,$214.48,39.94
ORD000515,3,PROD00015,SELL0029,$1224.34,16.48
ORD000061,1,PROD00096,SELL0012,$400.14,72.38
ORD000419,3,PROD00057,SELL0041,$177.16,51.64
ORD000082,2,PROD00038,SELL0006,$200.15,7.01
ORD000031,2,PROD00075,SELL0016,$735.51,61.32
ORD000010,1,PROD00008,SELL0018,$1003.00,63.56
ORD000043,3,PROD00013,SELL0014,$1190.80,31.3
ORD000533,2,PROD00098,SELL0018,$717.75,28.29
ORD000440,3,PROD00044,SELL0024,$1336.88,79.96
ORD000246,2,PROD00047,SELL0043,$576.98,6.46
ORD000365,1,PROD00112,SELL0022,$19.58,69.9
ORD000412,1,PROD00093,SELL0054,$53.14,11.59
ORD000544,1,PROD00036,SELL0045,$562.12,50.23
ORD000487,3,PROD00066,SELL0027,$294.08,78.92
ORD000330,2,PROD00003,SELL0041,$1312.05,77.63
ORD000334,1,PROD00087,SELL0029,$916.04,33.21
ORD000084,2,PROD00045,SELL0028,$1480.50,68.85
ORD000103,2,PROD00094,SELL0025,$916.65,57.53
ORD000533,3,PROD00113,SELL0037,$764.39,11.97
ORD000090,3,PROD00039,SELL0054,$1494.51,79.0
ORD000479,2,PROD00022,SELL0058,$1433.25,39.61
ORD000554,1,PROD00031,SELL0016,$268.09,75.65
ORD000092,3,PROD00014,SELL0028,$58.39,74.46
ORD000335,2,PROD00116,SELL0025,$342.26,22.1
ORD000488,1,PROD00115,SELL0043,$1003.23,73.97
ORD000504,3,PROD00012,SELL0051,$509.21,19.46
ORD000590,3,PROD00099,SELL0060,$111.03,28.77
ORD000391,3,PROD00084,SELL0042,$1449.88,36.08
ORD000239,1,PROD00029,SELL0017,$447.10,10.69
ORD000349,1,PROD00095,SELL0038,$1120.76,11.06
ORD000377,2,PROD00017,SELL0055,$1431.79,47.0
ORD000002,3,PROD00040,SELL0004,$810.37,68.08
ORD000434,2,PROD00041,SELL0050,$1199.31,74.85
ORD000130,3,PROD00067,SELL0043,$892.30,10.31
ORD000010,2,PROD00069,SELL0055,$484.15,65.66
ORD000304,2,PROD00108,SELL0015,$1024.77,13.5
ORD000291,3,PROD00019,SELL0048,$1275.95,66.56
ORD000036,2,PROD00077,SELL0021,$761.03,55.71
ORD000281,3,PROD00109,SELL0046,$725.25,66.64
ORD000507,2,PROD00038,SELL0046,$102.34,65.2
ORD000157,1,PROD00106,SELL0046,$1274.38,74.89
ORD000231,1,PROD00090,SELL0048,$1385.89,62.53
ORD000500,2,PROD00094,SELL0026,$1476.82,53.42
ORD000164,2,PROD00003,SELL0036,$516.05,54.88
ORD000357,2,PROD00097,SELL0026,$121.66,58.69
ORD000290,1,PROD00090,SELL0060,$1056.15,44.74
ORD000100,3,PROD00017,SELL0021,$1300.80,6.22
ORD000312,1,PROD00059,SELL0042,$872.08,36.47
ORD000495,1,PROD00038,SELL0058,$326.50,64.74
ORD000201,1,PROD00095,SELL0042,$552.91,68.78
ORD000105,1,PROD00087,SELL0051,$574.19,78.65
ORD000173,1,PROD00119,SELL0004,$543.04,38.96
ORD000054,3,PROD00016,SELL0033,$517.65,35.84
ORD000153,2,PROD00081,SELL0047,$378.83,11.27
ORD000407,3,PROD00063,SELL0020,$900.29,15.45
ORD000385,3,PROD00100,SELL0045,$992.90,62.66
ORD000392,3,PROD00036,SELL0041,$676.00,2.9
ORD000120,2,PROD00011,SELL0008,$967.49,72.86
ORD000231,3,PROD00003,SELL0038,$1481.21,39.4
ORD000097,1,PROD00102,SELL0038,$585.18,80.0
ORD000445,1,PROD00039,SELL0037,$162.67,6.95
ORD000551,3,PROD00024,SELL0026,$44.32,45.37
ORD000550,3,PROD00101,SELL0052,$740.52,42.47
ORD000599,3,PROD00069,SELL0046,$199.27,60.73
