order_id,payment_sequential,payment_type,payment_installments,payment_value
ORD000001,1,debit_card,1,0.0
ORD000002,1,credit_card,2,878.45
ORD000002,2,voucher,1,47.49
ORD000003,1,credit_card,1,2909.89
ORD000004,1,credit_card,2,758.55
ORD000005,1,credit_card,1,812.33
ORD000006,1,credit_card,3,2310.5
ORD000007,1,credit_card,6,2921.62
ORD000008,1,boleto,2,1930.92
ORD000009,1,debit_card,12,486.36
ORD000010,1,credit_card,12,2009.28
ORD000011,1,credit_card,3,1399.37
ORD000012,1,debit_card,3,1105.62
ORD000013,1,credit_card,1,1560.29
ORD000014,1,credit_card,1,1361.06
ORD000015,1,credit_card,2,1978.03
ORD000016,1,credit_card,2,399.85
ORD000017,1,credit_card,12,532.61
ORD000018,1,credit_card,3,1054.05
ORD000019,1,voucher,6,1055.08
ORD000020,1,debit_card,6,1343.11
ORD000021,1,credit_card,2,506.39
ORD000021,2,voucher,1,74.6
ORD000022,1,debit_card,2,0.0
ORD000023,1,credit_card,12,1297.43
ORD000024,1,credit_card,2,2380.93
ORD000025,1,boleto,6,591.39
ORD000025,2,voucher,1,62.34
ORD000026,1,credit_card,1,798.3
ORD000027,1,boleto,6,1185.5
ORD000027,2,voucher,1,65.82
ORD000028,1,credit_card,3,1267.66
ORD000029,1,credit_card,2,283.83
ORD000030,1,credit_card,2,121.85
ORD000031,1,credit_card,1,2232.12
ORD000032,1,boleto,3,401.75
ORD000033,1,boleto,1,1384.9
ORD000034,1,boleto,3,1171.68
ORD000035,1,credit_card,1,0.0
ORD000036,1,debit_card,6,1088.42
ORD000037,1,boleto,12,1515.23
ORD000038,1,voucher,6,2016.9
ORD000039,1,credit_card,1,1812.37
ORD000040,1,boleto,2,1537.58
ORD000041,1,credit_card,3,645.44
ORD000041,2,debit_card,1,73.91
ORD000042,1,debit_card,2,1034.52
ORD000043,1,credit_card,6,1500.42
ORD000044,1,debit_card,6,2287.24
ORD000045,1,credit_card,6,556.56
ORD000046,1,boleto,2,925.04
ORD000047,1,voucher,3,1721.0
ORD000048,1,credit_card,1,245.83
ORD000049,1,credit_card,2,707.03
ORD000050,1,credit_card,1,1354.07
ORD000051,1,credit_card,6,1362.78
ORD000052,1,credit_card,6,707.74
ORD000053,1,debit_card,2,0.0
ORD000054,1,credit_card,12,2034.21
ORD000055,1,credit_card,12,2643.44
ORD000056,1,boleto,1,4750.22
ORD000057,1,boleto,3,1460.32
ORD000058,1,boleto,12,0.0
ORD000059,1,credit_card,6,1341.29
ORD000060,1,boleto,12,859.88
ORD000061,1,credit_card,3,577.32
ORD000062,1,credit_card,1,4040.03
ORD000063,1,credit_card,3,1443.57
ORD000064,1,credit_card,2,0.0
ORD000065,1,voucher,1,1415.96
ORD000066,1,credit_card,3,1752.28
ORD000067,1,boleto,12,2599.37
ORD000068,1,voucher,12,177.12
ORD000069,1,credit_card,6,284.72
ORD000070,1,boleto,1,0.0
ORD000071,1,credit_card,3,442.39
ORD000072,1,credit_card,3,3365.49
ORD000073,1,credit_card,3,1172.66
ORD000073,2,voucher,1,45.93
ORD000074,1,credit_card,12,744.5
ORD000075,1,credit_card,1,167.01
ORD000076,1,credit_card,3,0.0
ORD000077,1,credit_card,3,0.0
ORD000078,1,voucher,12,1213.49
ORD000079,1,credit_card,6,1327.91
ORD000080,1,credit_card,2,1478.81
ORD000081,1,credit_card,3,192.87
ORD000082,1,boleto,1,207.16
ORD000083,1,credit_card,6,0.0
ORD000084,1,credit_card,1,1549.35
ORD000085,1,credit_card,6,0.0
ORD000086,1,debit_card,1,638.58
ORD000087,1,credit_card,2,1319.58
ORD000088,1,boleto,6,2643.28
ORD000089,1,voucher,6,2839.91
ORD000090,1,debit_card,1,2729.89
ORD000091,1,credit_card,1,615.19
ORD000092,1,credit_card,3,4192.57
ORD000093,1,credit_card,1,524.54
ORD000094,1,credit_card,6,0.0
ORD000095,1,credit_card,12,2196.36
ORD000096,1,credit_card,2,1813.47
ORD000097,1,credit_card,3,665.18
ORD000098,1,credit_card,6,0.0
ORD000099,1,boleto,1,2050.72
ORD000100,1,credit_card,2,1307.02
ORD000101,1,voucher,2,2402.65
ORD000102,1,credit_card,1,1009.64
ORD000103,1,credit_card,2,1529.31
ORD000104,1,credit_card,1,994.34
ORD000105,1,credit_card,12,1985.43
ORD000106,1,credit_card,2,0.0
ORD000107,1,credit_card,1,2467.54
ORD000108,1,credit_card,3,363.67
ORD000109,1,credit_card,3,500.11
ORD000110,1,credit_card,1,3370.75
ORD000111,1,credit_card,3,208.86
ORD000112,1,credit_card,12,160.62
ORD000113,1,credit_card,6,0.0
ORD000114,1,credit_card,1,573.03
ORD000115,1,boleto,2,0.0
ORD000116,1,boleto,3,1464.0
ORD000117,1,credit_card,12,1294.37
ORD000118,1,boleto,2,561.16
ORD000119,1,credit_card,1,0.0
ORD000120,1,boleto,1,3278.02
ORD000120,2,voucher,1,96.99
ORD000121,1,voucher,2,1979.79
ORD000122,1,credit_card,1,1277.77
ORD000122,2,voucher,1,56.93
ORD000123,1,credit_card,6,937.2
ORD000124,1,credit_card,2,1666.03
ORD000124,2,voucher,1,23.21
ORD000125,1,credit_card,3,664.47
ORD000126,1,boleto,12,0.0
ORD000127,1,voucher,6,0.0
ORD000128,1,credit_card,6,317.62
ORD000128,2,voucher,1,44.81
ORD000129,1,debit_card,12,991.09
ORD000130,1,credit_card,3,1722.96
ORD000131,1,credit_card,1,608.11
ORD000132,1,credit_card,2,446.99
ORD000133,1,credit_card,12,0.0
ORD000134,1,debit_card,2,3480.39
ORD000135,1,credit_card,12,2436.85
ORD000136,1,credit_card,3,0.0
ORD000137,1,credit_card,12,0.0
ORD000138,1,boleto,12,1351.29
ORD000139,1,boleto,12,1155.16
ORD000140,1,voucher,3,865.27
ORD000141,1,credit_card,2,1379.05
ORD000142,1,credit_card,3,1559.75
ORD000142,2,voucher,1,19.07
ORD000143,1,voucher,2,2312.81
ORD000144,1,boleto,2,2716.89
ORD000145,1,credit_card,1,317.72
ORD000145,2,voucher,1,38.01
ORD000146,1,credit_card,3,3203.4
ORD000147,1,debit_card,12,1429.12
ORD000148,1,credit_card,12,0.0
ORD000149,1,debit_card,1,3923.58
ORD000150,1,credit_card,3,3332.69
ORD000151,1,debit_card,12,1969.91
ORD000152,1,voucher,12,930.66
ORD000153,1,boleto,6,2537.14
ORD000154,1,credit_card,12,1543.06
ORD000155,1,boleto,2,1786.06
ORD000156,1,credit_card,6,301.1
ORD000157,1,credit_card,6,2861.58
ORD000158,1,voucher,1,444.26
ORD000159,1,credit_card,2,1548.77
ORD000160,1,credit_card,2,0.0
ORD000161,1,credit_card,2,454.24
ORD000162,1,boleto,12,3269.13
ORD000163,1,credit_card,6,586.45
ORD000164,1,voucher,6,1034.33
ORD000165,1,credit_card,1,687.62
ORD000166,1,credit_card,1,2733.09
ORD000167,1,credit_card,1,3911.42
ORD000168,1,boleto,3,207.51
ORD000169,1,credit_card,1,779.16
ORD000170,1,credit_card,1,0.0
ORD000171,1,boleto,1,2431.69
ORD000172,1,credit_card,12,3212.3
ORD000173,1,boleto,3,582.0
ORD000174,1,credit_card,1,976.79
ORD000175,1,credit_card,12,2561.66
ORD000176,1,boleto,1,1380.4
ORD000177,1,credit_card,6,0.0
ORD000178,1,voucher,1,907.58
ORD000179,1,credit_card,3,0.0
ORD000180,1,credit_card,6,2834.6
ORD000181,1,boleto,1,254.42
ORD000182,1,debit_card,2,1003.71
ORD000183,1,debit_card,3,0.0
ORD000183,2,voucher,1,36.7
ORD000184,1,credit_card,1,1438.34
ORD000185,1,credit_card,2,871.89
ORD000186,1,credit_card,2,0.0
ORD000187,1,credit_card,3,675.38
ORD000188,1,credit_card,1,0.0
ORD000189,1,credit_card,3,250.35
ORD000190,1,boleto,1,546.63
ORD000191,1,voucher,2,0.0
ORD000192,1,credit_card,2,1126.1
ORD000193,1,boleto,6,742.78
ORD000194,1,credit_card,6,2655.3
ORD000195,1,credit_card,1,1130.79
ORD000196,1,credit_card,6,2930.92
ORD000197,1,credit_card,6,1295.22
ORD000198,1,credit_card,3,906.11
ORD000199,1,debit_card,2,3364.6
ORD000200,1,credit_card,12,2293.13
ORD000201,1,credit_card,2,3847.96
ORD000202,1,credit_card,6,0.0
ORD000203,1,boleto,2,0.0
ORD000204,1,credit_card,1,994.57
ORD000205,1,voucher,3,71.8
ORD000206,1,debit_card,1,2001.29
ORD000206,2,voucher,1,38.19
ORD000207,1,boleto,2,2747.2
ORD000208,1,credit_card,12,354.43
ORD000209,1,voucher,2,762.34
ORD000210,1,credit_card,2,686.4
ORD000211,1,boleto,2,632.44
ORD000212,1,credit_card,6,1951.65
ORD000213,1,boleto,12,0.0
ORD000213,2,voucher,1,84.56
ORD000214,1,voucher,1,761.91
ORD000215,1,credit_card,2,2244.04
ORD000215,2,voucher,1,59.07
ORD000216,1,boleto,2,2442.42
ORD000217,1,credit_card,2,0.0
ORD000218,1,boleto,3,2155.3
ORD000219,1,boleto,6,1710.48
ORD000220,1,boleto,3,1236.29
ORD000221,1,credit_card,1,0.0
ORD000222,1,credit_card,2,0.0
ORD000222,2,voucher,1,84.1
ORD000223,1,boleto,6,2611.67
ORD000224,1,boleto,12,938.46
ORD000225,1,boleto,6,0.0
ORD000226,1,credit_card,1,1262.31
ORD000227,1,debit_card,2,1134.03
ORD000228,1,credit_card,1,805.71
ORD000229,1,credit_card,12,0.0
ORD000230,1,credit_card,6,832.3
ORD000231,1,boleto,6,2969.03
ORD000232,1,credit_card,3,2521.99
ORD000233,1,credit_card,1,1136.29
ORD000234,1,credit_card,3,1788.15
ORD000234,2,voucher,1,31.81
ORD000235,1,credit_card,1,542.0
ORD000236,1,credit_card,3,1476.13
ORD000237,1,credit_card,1,0.0
ORD000238,1,credit_card,12,0.0
ORD000239,1,credit_card,6,457.79
ORD000239,2,voucher,1,34.89
ORD000240,1,debit_card,1,922.2
ORD000241,1,boleto,6,2171.22
ORD000242,1,credit_card,6,4497.59
ORD000243,1,debit_card,1,1611.71
ORD000244,1,voucher,12,0.0
ORD000245,1,boleto,2,2128.64
ORD000245,2,voucher,1,80.63
ORD000246,1,credit_card,1,1853.09
ORD000247,1,credit_card,6,0.0
ORD000247,2,voucher,1,64.47
ORD000248,1,debit_card,2,1542.68
ORD000249,1,boleto,2,0.0
ORD000250,1,credit_card,12,0.0
ORD000251,1,boleto,12,0.0
ORD000252,1,credit_card,2,2535.86
ORD000253,1,credit_card,6,4550.77
ORD000253,2,voucher,1,72.71
ORD000254,1,boleto,2,761.48
ORD000255,1,credit_card,1,984.83
ORD000256,1,credit_card,6,0.0
ORD000257,1,credit_card,3,2311.57
ORD000258,1,debit_card,1,2365.14
ORD000259,1,credit_card,2,0.0
ORD000260,1,credit_card,3,0.0
ORD000261,1,credit_card,1,0.0
ORD000262,1,boleto,3,589.95
ORD000263,1,debit_card,6,0.0
ORD000264,1,credit_card,1,264.69
ORD000265,1,credit_card,3,1566.17
ORD000266,1,credit_card,12,1068.5
ORD000267,1,credit_card,3,3806.15
ORD000268,1,credit_card,3,0.0
ORD000269,1,boleto,12,1294.78
ORD000270,1,voucher,1,67.84
ORD000271,1,credit_card,2,1498.42
ORD000272,1,credit_card,2,1715.2
ORD000273,1,credit_card,2,0.0
ORD000274,1,voucher,2,1345.06
ORD000275,1,credit_card,1,1430.51
ORD000276,1,credit_card,12,1114.91
ORD000277,1,credit_card,1,0.0
ORD000278,1,credit_card,6,1268.77
ORD000279,1,credit_card,3,1511.18
ORD000279,2,voucher,1,37.53
ORD000280,1,credit_card,2,1837.3
ORD000281,1,credit_card,3,2198.01
ORD000282,1,credit_card,6,2879.67
ORD000283,1,credit_card,12,1958.44
ORD000283,2,voucher,1,62.1
ORD000284,1,credit_card,3,1893.31
ORD000285,1,debit_card,2,2046.71
ORD000285,2,voucher,1,87.46
ORD000286,1,debit_card,6,0.0
ORD000287,1,credit_card,1,841.77
ORD000288,1,credit_card,1,1060.92
ORD000289,1,boleto,6,704.13
ORD000290,1,boleto,3,2273.69
ORD000291,1,credit_card,6,3465.03
ORD000292,1,boleto,2,3003.3
ORD000293,1,debit_card,6,0.0
ORD000294,1,boleto,2,0.0
ORD000295,1,credit_card,12,1975.22
ORD000296,1,credit_card,12,177.65
ORD000297,1,boleto,12,2855.8
ORD000298,1,credit_card,3,1502.86
ORD000298,2,voucher,1,90.17
ORD000299,1,debit_card,6,0.0
ORD000300,1,credit_card,6,845.81
ORD000301,1,boleto,6,1437.57
ORD000302,1,voucher,6,1095.77
ORD000303,1,credit_card,1,1259.98
ORD000304,1,debit_card,6,1038.27
ORD000305,1,boleto,12,744.95
ORD000306,1,credit_card,2,0.0
ORD000307,1,credit_card,1,0.0
ORD000308,1,credit_card,3,1921.3
ORD000309,1,credit_card,1,2644.67
ORD000310,1,credit_card,6,0.0
ORD000311,1,credit_card,12,4178.55
ORD000312,1,debit_card,3,4180.58
ORD000313,1,credit_card,6,272.76
ORD000314,1,credit_card,2,885.27
ORD000315,1,credit_card,6,0.0
ORD000316,1,boleto,1,1397.63
ORD000317,1,boleto,1,1976.98
ORD000318,1,credit_card,6,1117.21
ORD000319,1,boleto,12,2168.19
ORD000320,1,credit_card,6,1238.88
ORD000321,1,boleto,3,2082.8
ORD000322,1,credit_card,6,2434.53
ORD000323,1,credit_card,6,0.0
ORD000324,1,credit_card,6,3119.51
ORD000325,1,boleto,6,0.0
ORD000325,2,voucher,1,40.59
ORD000326,1,credit_card,3,1128.54
ORD000327,1,boleto,3,0.0
ORD000328,1,boleto,6,473.47
ORD000329,1,credit_card,6,0.0
ORD000329,2,voucher,1,7.49
ORD000330,1,boleto,12,1389.68
ORD000331,1,credit_card,3,629.76
ORD000332,1,credit_card,6,2279.25
ORD000333,1,debit_card,2,812.21
ORD000334,1,credit_card,1,3099.53
ORD000335,1,credit_card,2,1877.56
ORD000336,1,credit_card,2,171.0
ORD000337,1,credit_card,2,1032.07
ORD000338,1,credit_card,2,1282.57
ORD000339,1,credit_card,6,2111.17
ORD000340,1,credit_card,3,336.26
ORD000341,1,credit_card,3,670.5
ORD000342,1,credit_card,6,1613.03
ORD000342,2,voucher,1,78.15
ORD000343,1,credit_card,12,0.0
ORD000344,1,voucher,1,3564.44
ORD000345,1,credit_card,2,1931.77
ORD000346,1,credit_card,3,0.0
ORD000347,1,boleto,2,264.67
ORD000348,1,credit_card,2,1307.46
ORD000349,1,boleto,6,1131.82
ORD000350,1,boleto,3,172.62
ORD000351,1,credit_card,1,1664.23
ORD000352,1,credit_card,1,1286.15
ORD000353,1,voucher,1,0.0
ORD000354,1,credit_card,2,119.88
ORD000355,1,credit_card,3,1296.57
ORD000356,1,credit_card,1,4522.69
ORD000357,1,credit_card,1,983.3
ORD000358,1,credit_card,2,0.0
ORD000359,1,credit_card,3,0.0
ORD000360,1,credit_card,2,0.0
ORD000361,1,credit_card,2,0.0
ORD000362,1,credit_card,1,0.0
ORD000363,1,credit_card,3,2185.0
ORD000364,1,credit_card,12,1385.88
ORD000364,2,voucher,1,54.57
ORD000365,1,credit_card,1,965.98
ORD000366,1,credit_card,1,387.52
ORD000367,1,boleto,2,3168.69
ORD000368,1,credit_card,2,1758.57
ORD000368,2,voucher,1,18.16
ORD000369,1,credit_card,2,4014.09
ORD000370,1,credit_card,1,2381.95
ORD000371,1,credit_card,3,0.0
ORD000372,1,boleto,6,2064.4
ORD000373,1,credit_card,2,1275.78
ORD000374,1,credit_card,3,0.0
ORD000375,1,credit_card,12,1768.69
ORD000376,1,boleto,6,1189.66
ORD000377,1,credit_card,12,2770.24
ORD000378,1,boleto,12,2136.48
ORD000379,1,credit_card,2,931.02
ORD000380,1,credit_card,1,88.87
ORD000381,1,voucher,12,1419.43
ORD000382,1,credit_card,12,1039.68
ORD000383,1,credit_card,12,1348.53
ORD000384,1,credit_card,2,1889.14
ORD000385,1,credit_card,2,1950.86
ORD000386,1,credit_card,3,3217.76
ORD000387,1,boleto,1,4982.24
ORD000387,2,voucher,1,70.39
ORD000388,1,boleto,2,0.0
ORD000389,1,boleto,2,3244.48
ORD000390,1,credit_card,12,481.44
ORD000391,1,credit_card,12,1485.96
ORD000392,1,credit_card,1,1713.17
ORD000393,1,credit_card,6,0.0
ORD000394,1,credit_card,2,1013.76
ORD000394,2,voucher,1,51.92
ORD000395,1,credit_card,3,1548.35
ORD000396,1,credit_card,2,1475.04
ORD000397,1,credit_card,2,2260.13
ORD000398,1,credit_card,12,3589.98
ORD000399,1,voucher,3,1993.39
ORD000400,1,debit_card,1,2124.68
ORD000401,1,voucher,1,1345.52
ORD000402,1,credit_card,6,1386.95
ORD000403,1,boleto,3,2305.51
ORD000404,1,boleto,6,0.0
ORD000404,2,voucher,1,78.59
ORD000405,1,credit_card,1,4565.73
ORD000406,1,boleto,6,1501.04
ORD000407,1,credit_card,1,2850.96
ORD000408,1,debit_card,1,2180.0
ORD000408,2,voucher,1,9.54
ORD000409,1,credit_card,1,1517.61
ORD000410,1,voucher,6,944.25
ORD000411,1,credit_card,3,0.0
ORD000412,1,credit_card,1,947.75
ORD000413,1,voucher,3,0.0
ORD000414,1,credit_card,1,840.77
ORD000415,1,credit_card,3,2436.05
ORD000416,1,boleto,6,777.59
ORD000417,1,credit_card,2,1874.65
ORD000418,1,credit_card,3,1134.14
ORD000419,1,boleto,6,1098.01
ORD000420,1,boleto,12,2753.52
ORD000421,1,credit_card,6,1729.59
ORD000422,1,credit_card,6,1473.39
ORD000423,1,credit_card,3,2401.14
ORD000424,1,credit_card,2,3632.28
ORD000425,1,boleto,2,440.25
ORD000426,1,credit_card,6,1723.86
ORD000426,2,voucher,1,6.25
ORD000427,1,credit_card,6,1169.95
ORD000428,1,credit_card,2,2692.15
ORD000429,1,boleto,12,0.0
ORD000430,1,boleto,3,0.0
ORD000431,1,boleto,12,63.65
ORD000432,1,credit_card,3,696.24
ORD000433,1,credit_card,12,2446.56
ORD000434,1,boleto,2,1832.69
ORD000434,2,voucher,1,45.19
ORD000435,1,boleto,12,270.06
ORD000436,1,credit_card,1,0.0
ORD000437,1,credit_card,6,446.85
ORD000438,1,credit_card,12,62.0
ORD000439,1,credit_card,12,0.0
ORD000440,1,credit_card,2,2814.03
ORD000441,1,credit_card,3,0.0
ORD000441,2,voucher,1,30.9
ORD000442,1,credit_card,6,2716.34
ORD000443,1,credit_card,3,4607.1
ORD000444,1,credit_card,3,0.0
ORD000445,1,credit_card,6,5540.86
ORD000446,1,credit_card,2,1138.12
ORD000447,1,credit_card,1,1405.63
ORD000448,1,credit_card,2,0.0
ORD000448,2,voucher,1,14.6
ORD000449,1,credit_card,12,4815.37
ORD000450,1,credit_card,6,1795.82
ORD000451,1,boleto,3,2436.65
ORD000452,1,credit_card,2,937.22
ORD000453,1,credit_card,12,4192.54
ORD000454,1,credit_card,2,161.39
ORD000455,1,boleto,6,1023.71
ORD000456,1,voucher,2,2410.31
ORD000457,1,boleto,2,2286.61
ORD000458,1,voucher,2,964.46
ORD000459,1,boleto,6,0.0
ORD000460,1,credit_card,3,51.18
ORD000461,1,credit_card,1,758.43
ORD000462,1,debit_card,12,0.0
ORD000462,2,voucher,1,87.96
ORD000463,1,credit_card,1,1039.21
ORD000464,1,credit_card,3,3561.63
ORD000465,1,credit_card,2,2824.72
ORD000466,1,boleto,1,957.0
ORD000467,1,boleto,6,0.0
ORD000468,1,credit_card,12,2296.0
ORD000469,1,credit_card,3,3022.59
ORD000470,1,boleto,3,1618.08
ORD000471,1,voucher,12,1535.95
ORD000472,1,credit_card,12,2314.38
ORD000473,1,credit_card,6,886.86
ORD000474,1,boleto,2,1285.85
ORD000475,1,credit_card,12,0.0
ORD000476,1,debit_card,3,1945.58
ORD000477,1,credit_card,6,300.29
ORD000478,1,debit_card,12,3581.15
ORD000479,1,credit_card,12,2799.25
ORD000480,1,voucher,3,3315.45
ORD000481,1,credit_card,6,1815.42
ORD000482,1,credit_card,2,719.74
ORD000482,2,voucher,1,54.41
ORD000483,1,credit_card,12,2806.23
ORD000484,1,boleto,12,1375.18
ORD000485,1,boleto,3,1438.41
ORD000486,1,credit_card,2,1631.12
ORD000487,1,credit_card,3,3585.79
ORD000488,1,boleto,3,2574.3
ORD000489,1,credit_card,3,0.0
ORD000489,2,voucher,1,8.89
ORD000490,1,credit_card,12,0.0
ORD000491,1,credit_card,1,0.0
ORD000492,1,boleto,1,2105.35
ORD000492,2,voucher,1,18.08
ORD000493,1,voucher,12,1708.47
ORD000494,1,boleto,2,3252.12
ORD000495,1,boleto,2,1780.06
ORD000496,1,credit_card,12,503.41
ORD000497,1,credit_card,1,2917.99
ORD000498,1,credit_card,6,2101.72
ORD000499,1,debit_card,1,535.78
ORD000500,1,voucher,12,2933.65
ORD000501,1,credit_card,3,1554.16
ORD000502,1,credit_card,2,191.81
ORD000503,1,credit_card,2,0.0
ORD000504,1,credit_card,12,4911.95
ORD000505,1,credit_card,2,597.78
ORD000506,1,voucher,6,1031.7
ORD000507,1,credit_card,3,1696.69
ORD000508,1,boleto,3,0.0
ORD000509,1,credit_card,6,1306.77
ORD000510,1,credit_card,12,2720.28
ORD000510,2,voucher,1,77.84
ORD000511,1,credit_card,2,2395.21
ORD000512,1,credit_card,2,4426.02
ORD000513,1,credit_card,12,1116.84
ORD000514,1,credit_card,3,1390.6
ORD000514,2,voucher,1,85.29
ORD000515,1,credit_card,1,1240.82
ORD000516,1,boleto,12,2951.82
ORD000517,1,credit_card,1,3066.22
ORD000518,1,debit_card,1,0.0
ORD000519,1,credit_card,3,974.59
ORD000520,1,boleto,1,2231.57
ORD000521,1,credit_card,12,1385.66
ORD000522,1,credit_card,2,731.54
ORD000523,1,credit_card,6,983.13
ORD000524,1,voucher,2,2543.4
ORD000525,1,credit_card,1,409.98
ORD000526,1,credit_card,2,1083.81
ORD000527,1,credit_card,12,1721.07
ORD000528,1,credit_card,2,1138.29
ORD000529,1,credit_card,12,1198.43
ORD000530,1,credit_card,1,2027.05
ORD000531,1,credit_card,2,103.53
ORD000532,1,boleto,12,0.0
ORD000533,1,credit_card,6,1522.4
ORD000534,1,credit_card,6,3224.81
ORD000535,1,credit_card,2,0.0
ORD000536,1,boleto,2,1005.18
ORD000537,1,boleto,2,2017.64
ORD000538,1,credit_card,1,380.08
ORD000539,1,credit_card,3,1414.93
ORD000540,1,boleto,1,0.0
ORD000541,1,boleto,2,0.0
ORD000541,2,voucher,1,48.42
ORD000542,1,credit_card,1,0.0
ORD000543,1,credit_card,12,2243.95
ORD000544,1,voucher,3,1120.4
ORD000545,1,credit_card,6,4384.63
ORD000546,1,debit_card,3,2543.62
ORD000547,1,voucher,2,2151.61
ORD000548,1,boleto,6,1426.75
ORD000549,1,credit_card,2,0.0
ORD000550,1,boleto,3,782.99
ORD000551,1,voucher,2,3898.15
ORD000552,1,boleto,3,1026.14
ORD000553,1,credit_card,6,3445.1
ORD000554,1,credit_card,2,343.74
ORD000555,1,voucher,12,1692.43
ORD000556,1,boleto,12,2096.06
ORD000557,1,credit_card,12,1182.54
ORD000558,1,credit_card,1,0.0
ORD000559,1,credit_card,1,528.79
ORD000560,1,credit_card,6,1101.57
ORD000561,1,credit_card,2,1252.99
ORD000562,1,voucher,6,872.8
ORD000563,1,credit_card,1,1580.95
ORD000563,2,voucher,1,28.8
ORD000564,1,credit_card,1,3830.86
ORD000565,1,credit_card,1,0.0
ORD000566,1,credit_card,6,0.0
ORD000567,1,debit_card,12,0.0
ORD000568,1,credit_card,6,1679.38
ORD000569,1,credit_card,2,1288.38
ORD000570,1,credit_card,12,0.0
ORD000571,1,credit_card,12,355.92
ORD000571,2,voucher,1,96.18
ORD000572,1,credit_card,1,363.57
ORD000573,1,voucher,3,3872.24
ORD000574,1,credit_card,1,865.51
ORD000575,1,boleto,12,565.61
ORD000576,1,boleto,12,662.49
ORD000577,1,credit_card,3,0.0
ORD000578,1,credit_card,2,2152.95
ORD000579,1,credit_card,6,1520.82
ORD000580,1,credit_card,2,1848.03
ORD000581,1,credit_card,1,858.19
ORD000582,1,credit_card,12,1690.57
ORD000583,1,credit_card,3,3503.45
ORD000584,1,credit_card,3,858.11
ORD000584,2,voucher,1,87.79
ORD000585,1,debit_card,1,1503.15
ORD000586,1,credit_card,12,2298.43
ORD000587,1,credit_card,6,2982.48
ORD000588,1,credit_card,1,2652.2
ORD000589,1,debit_card,3,1620.1
ORD000590,1,credit_card,6,1767.43
ORD000591,1,credit_card,1,3430.01
ORD000592,1,credit_card,3,0.0
ORD000593,1,boleto,1,1014.4
ORD000594,1,credit_card,12,1026.09
ORD000595,1,boleto,1,1122.67
ORD000596,1,credit_card,6,335.81
ORD000597,1,credit_card,1,0.0
ORD000598,1,credit_card,2,888.29
ORD000599,1,credit_card,1,2604.92
ORD000600,1,credit_card,3,2424.23
