order_id,customer_id,order_status,order_purchase_timestamp,order_approved_at,order_delivered_customer_date,order_estimated_delivery_date
ORD000001,CUST00053,delivered,2025-11-24 03:01:00,2025-11-24 11:01:00,2025-12-03 03:01:00,2025-12-03 03:01:00
ORD000002,CUST00016,delivered,2025-12-13 23:57:00,2025-12-14 18:57:00,2025-12-28 23:57:00,2025-12-19 23:57:00
ORD000003,CUST00113,Delivered,2025-02-17 06:14:00,2025-02-17 07:14:00,2025-02-25 06:14:00,2025-03-07 06:14:00
ORD000004,CUST00217,shipped,2025-08-18 18:17:00,2025-08-18 19:17:00,,2025-08-28 18:17:00
ORD000005,CUST00195,delivered,2025-06-24 08:09:00,2025-06-24 19:09:00,2025-06-29 08:09:00,2025-07-01 08:09:00
ORD000006,CUST00275,delivered,2025-02-19 11:54:00,2025-02-19 20:54:00,2025-02-22 11:54:00,2025-03-10 11:54:00
ORD000007,CUST00036,delivered,2025-03-05 12:05:00,2025-03-06 09:05:00,2025-03-18 12:05:00,2025-03-16 12:05:00
ORD000008,CUST00052,shipped,2025-01-24 21:14:00,2025-01-25 00:14:00,,2025-02-05 21:14:00
ORD000009,CUST00182,delivered,2025-07-14 08:29:00,2025-07-14 20:29:00,2025-07-21 08:29:00,2025-07-30 08:29:00
ORD000010,CUST00274,delivered,2025-04-18 21:17:00,2025-04-19 19:17:00,2025-04-22 21:17:00,2025-04-28 21:17:00
ORD000011,CUST00029,delivered,2025-05-06 05:29:00,2025-05-07 02:29:00,2025-05-15 05:29:00,2025-05-21 05:29:00
ORD000012,CUST00291,delivered,2025-04-28 01:51:00,2025-04-28 10:51:00,2025-05-02 01:51:00,2025-05-09 01:51:00
ORD000013,CUST00136,delivered,2025-06-11 06:41:00,2025-06-12 03:41:00,2025-06-27 06:41:00,2025-06-20 06:41:00
ORD000014,CUST00186,delivered,2025-03-13 07:47:00,2025-03-13 16:47:00,2025-03-28 07:47:00,2025-03-30 07:47:00
ORD000015,CUST00082,delivered,2025-04-23 04:32:00,2025-04-23 06:32:00,2025-04-28 04:32:00,2025-05-02 04:32:00
ORD000016,CUST00284,delivered,2025-12-15 13:38:00,2025-12-16 02:38:00,2025-12-31 13:38:00,2025-12-28 13:38:00
ORD000017,CUST00058,delivered,2025-01-06 21:46:00,2025-01-07 15:46:00,2025-01-16 21:46:00,2025-01-21 21:46:00
ORD000018,CUST00260,delivered,2025-05-31 13:10:00,2025-06-01 13:10:00,2025-06-10 13:10:00,2025-06-10 13:10:00
ORD000019,CUST00079,shipped,2025-02-24 20:19:00,2025-02-25 13:19:00,,2025-03-07 20:19:00
ORD000020,CUST00166,processing,2025-07-11 05:34:00,2025-07-11 22:34:00,,2025-07-16 05:34:00
ORD000021,CUST00030,canceled,2025-09-08 00:07:00,,,2025-09-20 00:07:00
ORD000022,CUST00066,delivered,2025-05-04 18:05:00,2025-05-05 10:05:00,2025-05-08 18:05:00,2025-05-13 18:05:00
ORD000023,CUST00277,delivered,2025-12-04 15:35:00,2025-12-05 08:35:00,2025-12-19 15:35:00,2025-12-15 15:35:00
ORD000024,CUST00265,delivered,2025-12-20 06:45:00,2025-12-21 04:45:00,2026-01-02 06:45:00,2026-01-08 06:45:00
ORD000025,CUST00113,delivered,2025-08-20 03:15:00,2025-08-20 14:15:00,2025-08-22 03:15:00,2025-09-01 03:15:00
ORD000026,CUST00170,DELIVERED ,2025-01-04 02:45:00,2025-01-04 10:45:00,2025-01-08 02:45:00,2025-01-10 02:45:00
ORD000027,CUST00293,delivered,2025-02-06 16:15:00,2025-02-07 08:15:00,2025-02-14 16:15:00,2025-02-15 16:15:00
ORD000028,CUST00049,shipped,2025-10-23 15:15:00,2025-10-24 05:15:00,,2025-11-03 15:15:00
ORD000029,CUST00051,delivered,2025-02-19 21:27:00,2025-02-20 11:27:00,2025-03-07 21:27:00,2025-02-25 21:27:00
ORD000030,CUST00098,delivered,2025-02-01 12:46:00,2025-02-01 16:46:00,2025-02-10 12:46:00,2025-02-12 12:46:00
ORD000031,CUST00039,delivered,2025-10-02 14:08:00,2025-10-02 23:08:00,2025-10-18 14:08:00,2025-10-14 14:08:00
ORD000032,CUST00122,delivered,2025-08-15 17:06:00,2025-08-16 11:06:00,2025-08-17 17:06:00,2025-08-22 17:06:00
ORD000033,CUST00195,delivered,2025-03-27 13:31:00,2025-03-28 02:31:00,2025-03-30 13:31:00,2025-04-06 13:31:00
ORD000034,CUST00217,canceled,2025-01-02 12:16:00,2025-01-03 03:16:00,,2025-01-16 12:16:00
ORD000035,CUST00098,delivered,2025-12-23 23:50:00,2025-12-24 22:50:00,2026-01-09 23:50:00,2026-01-01 23:50:00
ORD000036,CUST00030,delivered,2025-06-01 06:03:00,2025-06-02 00:03:00,2025-06-04 06:03:00,2025-06-16 06:03:00
ORD000037,CUST00261,delivered,2025-01-26 18:30:00,2025-01-27 11:30:00,2025-02-02 18:30:00,2025-02-01 18:30:00
ORD000038,CUST00062,delivered,2025-02-11 05:04:00,2025-02-12 03:04:00,2025-02-20 05:04:00,2025-02-28 05:04:00
ORD000039,CUST00299,delivered,2025-10-19 07:37:00,2025-10-20 03:37:00,2025-10-23 07:37:00,2025-11-06 07:37:00
ORD000040,CUST00123,canceled,2025-10-17 16:20:00,2025-10-17 23:20:00,,2025-11-01 16:20:00
ORD000041,CUST00038,delivered,2025-05-16 12:08:00,2025-05-16 22:08:00,2025-06-01 12:08:00,2025-05-31 12:08:00
ORD000042,CUST00276,processing,2025-01-05 14:39:00,2025-01-05 18:39:00,,2025-01-12 14:39:00
ORD000043,CUST00190,delivered,2025-04-20 16:16:00,2025-04-21 04:16:00,2025-04-24 16:16:00,2025-05-02 16:16:00
ORD000044,CUST00271,shipped,2025-05-26 05:28:00,2025-05-27 04:28:00,,2025-06-09 05:28:00
ORD000045,CUST00136,delivered,2025-01-05 21:52:00,2025-01-06 19:52:00,2025-01-10 21:52:00,2025-01-14 21:52:00
ORD000046,CUST00176,delivered,2025-03-01 03:47:00,2025-03-01 12:47:00,2025-03-12 03:47:00,2025-03-12 03:47:00
ORD000047,CUST00129,shipped,2025-04-15 21:40:00,2025-04-16 14:40:00,,2025-05-05 21:40:00
ORD000048,CUST00171,delivered,2025-01-27 02:40:00,2025-01-27 11:40:00,2025-01-30 02:40:00,2025-02-01 02:40:00
ORD000049,CUST00058,delivered,2025-03-08 20:16:00,2025-03-09 11:16:00,2025-03-23 20:16:00,2025-03-13 20:16:00
ORD000050,CUST00221,delivered,2025-02-08 22:57:00,2025-02-09 00:57:00,2025-02-21 22:57:00,2025-02-17 22:57:00
ORD000051,CUST00128,delivered,2025-03-07 01:19:00,2025-03-07 03:19:00,2025-03-20 01:19:00,2025-03-18 01:19:00
ORD000052,CUST00122,shipped,2025-12-08 03:22:00,2025-12-08 17:22:00,,2025-12-17 03:22:00
ORD000053,CUST00128,delivered,2025-03-25 05:56:00,2025-03-25 11:56:00,2025-04-06 05:56:00,2025-04-12 05:56:00
ORD000054,CUST00114,delivered,2025-05-17 05:50:00,2025-05-17 18:50:00,2025-05-20 05:50:00,2025-06-06 05:50:00
ORD000055,CUST00099,delivered,2025-04-13 14:22:00,2025-04-13 22:22:00,2025-04-22 14:22:00,2025-04-18 14:22:00
ORD000056,CUST00261,shipped,2025-07-24 10:17:00,2025-07-24 19:17:00,,2025-08-09 10:17:00
ORD000057,CUST00092,delivered,2025-07-24 21:53:00,2025-07-24 22:53:00,2025-07-29 21:53:00,2025-08-06 21:53:00
ORD000058,CUST00224,delivered,2025-10-25 08:02:00,2025-10-25 22:02:00,2025-11-07 08:02:00,2025-11-09 08:02:00
ORD000059,CUST00023,delivered,2025-11-07 16:07:00,2025-11-08 11:07:00,2025-11-15 16:07:00,2025-11-20 16:07:00
ORD000060,CUST00221,delivered,2025-12-29 13:00:00,2025-12-30 07:00:00,2026-01-06 13:00:00,2026-01-14 13:00:00
ORD000061,CUST00260,canceled ,2025-02-05 21:58:00,2025-02-06 08:58:00,2025-02-10 21:58:00,2025-02-19 21:58:00
ORD000062,CUST00099,delivered,2025-06-08 21:26:00,2025-06-09 20:26:00,2025-06-19 21:26:00,2025-06-17 21:26:00
ORD000063,CUST00281,delivered,2025-08-04 21:24:00,2025-08-05 03:24:00,2025-08-15 21:24:00,2025-08-21 21:24:00
ORD000064,CUST00227,delivered,2025-01-01 09:18:00,2025-01-02 04:18:00,2025-01-13 09:18:00,2025-01-20 09:18:00
ORD000065,CUST00146,delivered,2025-08-15 21:13:00,2025-08-16 21:13:00,2025-08-22 21:13:00,2025-08-22 21:13:00
ORD000066,CUST00116,delivered,2025-09-21 21:40:00,2025-09-22 00:40:00,2025-09-30 21:40:00,2025-10-05 21:40:00
ORD000067,CUST00213,delivered,2025-04-12 04:01:00,2025-04-12 20:01:00,2025-04-16 04:01:00,2025-05-01 04:01:00
ORD000068,CUST00125,delivered,2025-11-19 18:12:00,2025-11-20 07:12:00,2025-12-06 18:12:00,2025-12-06 18:12:00
ORD000069,CUST00091,delivered,2025-03-17 20:44:00,2025-03-18 00:44:00,2025-04-01 20:44:00,2025-03-29 20:44:00
ORD000070,CUST00069,delivered,2025-12-23 16:29:00,2025-12-24 00:29:00,2025-12-28 16:29:00,2026-01-11 16:29:00
ORD000071,CUST00227,processing,2025-08-26 21:33:00,2025-08-27 17:33:00,,2025-09-10 21:33:00
ORD000072,CUST00244,delivered,2025-11-10 23:57:00,2025-11-11 17:57:00,2025-11-26 23:57:00,2025-11-20 23:57:00
ORD000073,CUST00123,delivered,2025-08-19 08:48:00,2025-08-20 05:48:00,2025-08-29 08:48:00,2025-09-08 08:48:00
ORD000074,CUST00164,delivered,2025-05-21 14:04:00,2025-05-21 22:04:00,2025-05-31 14:04:00,2025-06-05 14:04:00
ORD000075,CUST00033,delivered,2025-10-04 02:08:00,2025-10-04 15:08:00,2025-10-10 02:08:00,2025-10-15 02:08:00
ORD000076,CUST00216,delivered,2025-08-01 13:21:00,2025-08-02 03:21:00,2025-08-04 13:21:00,2025-08-12 13:21:00
ORD000077,CUST00004,delivered,2025-07-19 18:44:00,2025-07-20 13:44:00,2025-08-02 18:44:00,2025-08-08 18:44:00
ORD000078,CUST00113,delivered,2025-06-30 09:48:00,2025-06-30 23:48:00,2025-07-09 09:48:00,2025-07-20 09:48:00
ORD000079,CUST00240,delivered,2025-05-20 13:31:00,2025-05-21 00:31:00,2025-06-03 13:31:00,2025-05-30 13:31:00
ORD000080,CUST00220,delivered,2025-03-07 19:34:00,2025-03-08 08:34:00,2025-03-09 19:34:00,2025-03-14 19:34:00
ORD000081,CUST00233,delivered,2025-03-11 14:11:00,2025-03-12 03:11:00,2025-03-23 14:11:00,2025-03-22 14:11:00
ORD000082,CUST00130,canceled,2025-06-17 10:48:00,2025-06-17 19:48:00,,2025-07-05 10:48:00
ORD000083,CUST00036,delivered,2025-02-11 15:01:00,2025-02-11 17:01:00,2025-02-24 15:01:00,2025-02-23 15:01:00
ORD000084,CUST00079,delivered,2025-11-30 01:48:00,2025-11-30 09:48:00,2025-12-08 01:48:00,2025-12-05 01:48:00
ORD000085,CUST00132,delivered,2025-05-03 04:30:00,2025-05-03 23:30:00,2025-05-11 04:30:00,2025-05-22 04:30:00
ORD000086,CUST00160,delivered,2025-07-08 05:38:00,2025-07-09 05:38:00,2025-07-13 05:38:00,2025-07-18 05:38:00
ORD000087,CUST00204,canceled,2025-02-25 18:01:00,2025-02-26 13:01:00,,2025-03-14 18:01:00
ORD000088,CUST00155,delivered,2025-04-12 02:37:00,2025-04-12 23:37:00,2025-04-21 02:37:00,2025-04-20 02:37:00
ORD000089,CUST00273,delivered,2025-12-17 19:51:00,2025-12-18 14:51:00,2025-12-20 19:51:00,2026-01-02 19:51:00
ORD000090,CUST00216,delivered,2025-08-08 21:23:00,2025-08-09 18:23:00,2025-08-20 21:23:00,2025-08-13 21:23:00
ORD000091,CUST00079,processing,2025-09-08 03:27:00,2025-09-09 00:27:00,,2025-09-27 03:27:00
ORD000092,CUST00239,delivered,2025-08-11 05:46:00,2025-08-12 02:46:00,2025-08-21 05:46:00,2025-08-31 05:46:00
ORD000093,CUST00231,delivered,2025-08-12 23:37:00,2025-08-13 07:37:00,2025-08-16 23:37:00,2025-08-25 23:37:00
ORD000094,CUST00254,delivered,2025-05-05 14:36:00,2025-05-06 03:36:00,2025-05-17 14:36:00,2025-05-10 14:36:00
ORD000095,CUST00142,delivered,2025-06-16 05:31:00,2025-06-16 14:31:00,2025-06-28 05:31:00,2025-06-29 05:31:00
ORD000096,CUST00209,processing,2025-10-12 00:33:00,2025-10-12 03:33:00,,2025-10-24 00:33:00
ORD000097,CUST00009,delivered,2025-09-08 17:48:00,2025-09-09 09:48:00,2025-09-25 17:48:00,2025-09-27 17:48:00
ORD000098,CUST00243,delivered,2025-02-17 09:14:00,2025-02-17 17:14:00,2025-02-28 09:14:00,2025-03-05 09:14:00
ORD000099,CUST00233,delivered,2025-10-11 16:22:00,2025-10-12 16:22:00,2025-10-23 16:22:00,2025-10-27 16:22:00
ORD000100,CUST00062,delivered,2025-05-19 09:16:00,2025-05-20 09:16:00,2025-05-27 09:16:00,2025-06-03 09:16:00
ORD000101,CUST00269,delivered,2025-10-02 22:11:00,,2025-10-19 22:11:00,2025-10-15 22:11:00
ORD000102,CUST00185,shipped,2025-11-02 09:06:00,2025-11-02 19:06:00,,2025-11-14 09:06:00
ORD000103,CUST00028,delivered,2025-04-02 09:00:00,2025-04-02 14:00:00,2025-04-12 09:00:00,2025-04-08 09:00:00
ORD000104,CUST00053,processing,2025-10-11 09:44:00,2025-10-12 06:44:00,,2025-10-31 09:44:00
ORD000105,CUST00027,delivered,2025-01-07 18:18:00,2025-01-08 09:18:00,2025-01-19 18:18:00,2025-01-17 18:18:00
ORD000106,CUST00038,shipped,2025-05-10 15:07:00,2025-05-11 04:07:00,,2025-05-30 15:07:00
ORD000107,CUST00128,delivered,2025-10-23 20:43:00,2025-10-24 01:43:00,2025-11-03 20:43:00,2025-10-30 20:43:00
ORD000108,CUST00231,delivered,2025-03-02 17:48:00,2025-03-03 13:48:00,2025-03-11 17:48:00,2025-03-19 17:48:00
ORD000109,CUST00051,delivered,2025-08-15 09:55:00,2025-08-15 23:55:00,2025-08-26 09:55:00,2025-08-21 09:55:00
ORD000110,CUST00089,delivered,2025-04-17 20:13:00,2025-04-17 23:13:00,2025-04-24 20:13:00,2025-04-29 20:13:00
ORD000111,CUST00017,delivered,2025-10-10 02:10:00,2025-10-10 17:10:00,2025-10-27 02:10:00,2025-10-24 02:10:00
ORD000112,CUST00136,delivered,2025-04-29 09:45:00,2025-04-30 00:45:00,2025-05-03 09:45:00,2025-05-11 09:45:00
ORD000113,CUST00059,shipped,2025-11-17 18:42:00,2025-11-18 01:42:00,,2025-12-05 18:42:00
ORD000114,CUST00031,delivered,2025-10-06 07:41:00,2025-10-06 16:41:00,2025-10-12 07:41:00,2025-10-13 07:41:00
ORD000115,CUST00064,delivered,2025-03-26 09:38:00,2025-03-27 04:38:00,2025-04-06 09:38:00,2025-04-14 09:38:00
ORD000116,CUST00225,delivered,2025-08-28 22:19:00,2025-08-29 07:19:00,2025-09-15 22:19:00,2025-09-17 22:19:00
ORD000117,CUST00129,canceled,2025-02-11 19:02:00,2025-02-12 19:02:00,,2025-02-26 19:02:00
ORD000118,CUST00138,processing,2025-01-14 02:14:00,2025-01-14 21:14:00,,2025-01-19 02:14:00
ORD000119,CUST00143,shipped,2025-10-23 01:48:00,2025-10-23 17:48:00,,2025-11-11 01:48:00
ORD000120,CUST00179,delivered,2025-04-03 18:27:00,2025-04-04 10:27:00,2025-04-07 18:27:00,2025-04-23 18:27:00
ORD000121,CUST00254,delivered,2025-07-29 10:20:00,2025-07-29 16:20:00,2025-08-10 10:20:00,2025-08-16 10:20:00
ORD000122,CUST00233,shipped,2025-05-28 21:25:00,2025-05-29 15:25:00,,2025-06-03 21:25:00
ORD000123,CUST00278,delivered,2025-02-15 10:16:00,2025-02-15 23:16:00,2025-03-05 10:16:00,2025-02-20 10:16:00
ORD000124,CUST00027,delivered,2025-08-25 13:03:00,2025-08-26 01:03:00,2025-09-11 13:03:00,2025-09-13 13:03:00
ORD000125,CUST00063,delivered,2025-04-15 08:35:00,2025-04-15 18:35:00,2025-05-01 08:35:00,2025-05-05 08:35:00
ORD000126,CUST00160,shipped,2025-01-15 20:38:00,2025-01-16 19:38:00,,2025-01-25 20:38:00
ORD000127,CUST00061,delivered,2025-10-10 00:35:00,2025-10-10 08:35:00,2025-10-15 00:35:00,2025-10-29 00:35:00
ORD000128,CUST00213,canceled,2025-11-28 04:31:00,2025-11-28 14:31:00,,2025-12-11 04:31:00
ORD000129,CUST00261,delivered,2025-09-05 15:15:00,2025-09-05 20:15:00,2025-09-19 15:15:00,2025-09-16 15:15:00
ORD000130,CUST00260,shipped,2025-03-11 02:17:00,2025-03-11 16:17:00,,2025-03-26 02:17:00
ORD000131,CUST00229,delivered,2025-05-17 00:18:00,2025-05-17 19:18:00,2025-06-03 00:18:00,2025-05-26 00:18:00
ORD000132,CUST00165,delivered,2025-10-03 15:22:00,2025-10-04 09:22:00,2025-10-17 15:22:00,2025-10-22 15:22:00
ORD000133,CUST00163,delivered,2025-04-07 22:15:00,2025-04-08 06:15:00,2025-04-22 22:15:00,2025-04-13 22:15:00
ORD000134,CUST00254,shipped,2025-08-31 22:58:00,2025-09-01 11:58:00,,2025-09-09 22:58:00
ORD000135,CUST00226,processing,2025-01-19 04:32:00,2025-01-19 15:32:00,,2025-01-27 04:32:00
ORD000136,CUST00080,delivered,2025-02-21 16:58:00,2025-02-22 16:58:00,2025-02-27 16:58:00,2025-03-11 16:58:00
ORD000137,CUST00042,processing,2025-02-08 15:50:00,2025-02-09 02:50:00,,2025-02-25 15:50:00
ORD000138,CUST00036,delivered,2025-06-18 21:54:00,2025-06-19 08:54:00,2025-07-05 21:54:00,2025-06-24 21:54:00
ORD000139,CUST00223,canceled,2025-05-01 20:43:00,2025-05-02 04:43:00,,2025-05-08 20:43:00
ORD000140,CUST00154,canceled,2025-02-20 20:45:00,2025-02-21 11:45:00,,2025-03-02 20:45:00
ORD000141,CUST00192,shipped,2025-01-15 01:20:00,2025-01-15 11:20:00,,2025-01-31 01:20:00
ORD000142,CUST00090,delivered,2025-08-09 04:15:00,2025-08-09 23:15:00,2025-08-16 04:15:00,2025-08-19 04:15:00
ORD000143,CUST00299,delivered,2025-02-10 19:55:00,2025-02-11 17:55:00,2025-02-19 19:55:00,2025-03-02 19:55:00
ORD000144,CUST00239,delivered,2025-03-15 07:29:00,2025-03-15 22:29:00,2025-03-25 07:29:00,2025-03-20 07:29:00
ORD000145,CUST00218,delivered,2025-05-28 21:34:00,2025-05-29 12:34:00,2025-06-10 21:34:00,2025-06-11 21:34:00
ORD000146,CUST00248,shipped,2025-12-20 08:29:00,2025-12-20 15:29:00,,2026-01-06 08:29:00
ORD000147,CUST00012,delivered,2025-02-24 07:24:00,2025-02-25 02:24:00,2025-03-07 07:24:00,2025-03-10 07:24:00
ORD000148,CUST00147,delivered,2025-12-04 12:17:00,2025-12-05 10:17:00,2025-12-07 12:17:00,2025-12-24 12:17:00
ORD000149,CUST00071,delivered,2025-04-28 19:51:00,2025-04-29 16:51:00,2025-05-06 19:51:00,2025-05-11 19:51:00
ORD000150,CUST00018,delivered,2025-11-18 03:57:00,2025-11-18 05:57:00,2025-11-29 03:57:00,2025-12-07 03:57:00
ORD000151,CUST00090,delivered,2025-10-24 11:46:00,2025-10-24 21:46:00,2025-11-05 11:46:00,2025-11-11 11:46:00
ORD000152,CUST00085,delivered,2025-04-13 04:50:00,2025-04-13 16:50:00,2025-05-01 04:50:00,2025-04-26 04:50:00
ORD000153,CUST00039,delivered,2025-05-12 15:51:00,2025-05-13 02:51:00,2025-05-17 15:51:00,2025-05-31 15:51:00
ORD000154,CUST00047,delivered,2025-03-14 07:55:00,2025-03-15 05:55:00,2025-03-28 07:55:00,2025-03-30 07:55:00
ORD000155,CUST00300,delivered,2025-07-22 00:16:00,2025-07-22 15:16:00,2025-08-04 00:16:00,2025-08-04 00:16:00
ORD000156,CUST00288,delivered,2025-07-15 20:23:00,2025-07-16 04:23:00,2025-08-01 20:23:00,2025-07-20 20:23:00
ORD000157,CUST00210,delivered,2025-06-17 19:14:00,2025-06-18 16:14:00,2025-07-03 19:14:00,2025-07-01 19:14:00
ORD000158,CUST00060,processing,2025-03-01 04:02:00,2025-03-01 14:02:00,,2025-03-21 04:02:00
ORD000159,CUST00277,delivered,2025-02-19 07:56:00,2025-02-19 20:56:00,2025-03-07 07:56:00,2025-03-07 07:56:00
ORD000160,CUST00209,delivered,2025-08-03 18:47:00,2025-08-04 08:47:00,2025-08-08 18:47:00,2025-08-23 18:47:00
ORD000161,CUST00186,delivered,2025-05-24 01:44:00,2025-05-24 16:44:00,2025-06-09 01:44:00,2025-06-05 01:44:00
ORD000162,CUST00204,delivered,2025-02-20 21:23:00,2025-02-21 18:23:00,2025-03-05 21:23:00,2025-02-26 21:23:00
ORD000163,CUST00109,processing,2025-05-22 06:07:00,2025-05-22 21:07:00,,2025-05-29 06:07:00
ORD000164,CUST00125,processing,2025-11-25 20:38:00,2025-11-25 22:38:00,,2025-12-10 20:38:00
ORD000165,CUST00120,delivered,2025-03-06 18:13:00,2025-03-07 12:13:00,2025-03-14 18:13:00,2025-03-17 18:13:00
ORD000166,CUST00075,canceled,2025-06-18 04:50:00,2025-06-18 05:50:00,,2025-07-01 04:50:00
ORD000167,CUST00068,shipped,2025-03-08 17:16:00,2025-03-08 21:16:00,,2025-03-13 17:16:00
ORD000168,CUST00009,shipped,2025-01-08 11:50:00,2025-01-09 06:50:00,,2025-01-23 11:50:00
ORD000169,CUST00033,delivered,2025-03-31 08:03:00,2025-03-31 22:03:00,2025-04-18 08:03:00,2025-04-08 08:03:00
ORD000170,CUST00258,delivered,2025-09-01 14:49:00,2025-09-02 09:49:00,2025-09-06 14:49:00,2025-09-20 14:49:00
ORD000171,CUST00235,delivered,2025-04-24 19:02:00,2025-04-25 17:02:00,2025-05-12 19:02:00,2025-05-08 19:02:00
ORD000172,CUST00056,processing,2025-11-26 00:03:00,2025-11-26 13:03:00,,2025-12-14 00:03:00
ORD000173,CUST00034,delivered,2025-09-09 22:58:00,2025-09-10 01:58:00,2025-09-21 22:58:00,2025-09-18 22:58:00
ORD000174,CUST00272,delivered,2025-03-06 08:39:00,2025-03-07 02:39:00,2025-03-18 08:39:00,2025-03-23 08:39:00
ORD000175,CUST00221,delivered,2025-05-31 14:32:00,2025-05-31 18:32:00,2025-06-05 14:32:00,2025-06-11 14:32:00
ORD000176,CUST00049,delivered,2025-08-20 07:26:00,2025-08-20 22:26:00,2025-09-03 07:26:00,2025-09-07 07:26:00
ORD000177,CUST00035,delivered,2025-06-10 13:20:00,2025-06-11 01:20:00,2025-06-16 13:20:00,2025-06-30 13:20:00
ORD000178,CUST00285,delivered,2025-02-16 02:05:00,2025-02-17 02:05:00,2025-03-01 02:05:00,2025-02-25 02:05:00
ORD000179,CUST00182,delivered,2025-01-31 18:35:00,2025-02-01 16:35:00,2025-02-05 18:35:00,2025-02-18 18:35:00
ORD000180,CUST00160,canceled,2025-12-07 13:55:00,2025-12-07 15:55:00,,2025-12-21 13:55:00
ORD000181,CUST00056,delivered,2025-06-30 03:36:00,2025-06-30 08:36:00,2025-07-17 03:36:00,2025-07-12 03:36:00
ORD000182,CUST00288,delivered,2025-06-29 17:23:00,2025-06-30 02:23:00,2025-07-08 17:23:00,2025-07-17 17:23:00
ORD000183,CUST00093,delivered,2025-11-15 19:43:00,2025-11-15 20:43:00,2025-11-25 19:43:00,2025-11-20 19:43:00
ORD000184,CUST00093,delivered,2025-05-20 22:48:00,2025-05-21 09:48:00,2025-06-02 22:48:00,2025-05-25 22:48:00
ORD000185,CUST00272,delivered,2025-03-15 18:42:00,2025-03-15 23:42:00,2025-03-17 18:42:00,2025-03-22 18:42:00
ORD000186,CUST00167,delivered,2025-04-21 12:26:00,2025-04-21 18:26:00,2025-05-04 12:26:00,2025-05-05 12:26:00
ORD000187,CUST00026,canceled,2025-10-18 19:05:00,2025-10-19 00:05:00,,2025-10-28 19:05:00
ORD000188,CUST00213,delivered,2025-12-12 02:17:00,2025-12-12 16:17:00,2025-12-29 02:17:00,2025-12-31 02:17:00
ORD000189,CUST00146,delivered,2025-05-20 06:48:00,2025-05-20 18:48:00,2025-06-04 06:48:00,2025-05-28 06:48:00
ORD000190,CUST00113,delivered,2025-12-14 21:37:00,2025-12-15 19:37:00,2025-12-25 21:37:00,2025-12-20 21:37:00
ORD000191,CUST00131,delivered,2025-07-22 19:03:00,2025-07-23 05:03:00,2025-07-30 19:03:00,2025-07-31 19:03:00
ORD000192,CUST00067,delivered,2025-05-29 10:07:00,2025-05-30 10:07:00,2025-06-13 10:07:00,2025-06-08 10:07:00
ORD000193,CUST00204,delivered,2025-07-14 17:45:00,2025-07-15 11:45:00,2025-07-27 17:45:00,2025-07-21 17:45:00
ORD000194,CUST00294,delivered,2025-01-22 13:01:00,2025-01-22 16:01:00,2025-02-03 13:01:00,2025-02-09 13:01:00
ORD000195,CUST00167,delivered,2025-07-27 22:40:00,2025-07-28 02:40:00,2025-08-10 22:40:00,2025-08-01 22:40:00
ORD000196,CUST00224,shipped,2025-03-29 19:29:00,2025-03-30 07:29:00,,2025-04-05 19:29:00
ORD000197,CUST00159,delivered,2025-02-24 07:27:00,2025-02-25 00:27:00,2025-02-28 07:27:00,2025-03-13 07:27:00
ORD000198,CUST00272,shipped,2025-06-23 07:21:00,2025-06-23 10:21:00,,2025-07-01 07:21:00
ORD000199,CUST00121,shipped,2025-09-19 06:57:00,2025-09-19 18:57:00,,2025-09-28 06:57:00
ORD000200,CUST00091,delivered,2025-02-22 04:16:00,2025-02-23 00:16:00,2025-02-28 04:16:00,2025-03-01 04:16:00
ORD000201,CUST00290,shipped,2025-11-18 15:29:00,2025-11-19 10:29:00,,2025-12-07 15:29:00
ORD000202,CUST00226,delivered,2025-11-26 20:39:00,2025-11-27 17:39:00,2025-12-08 20:39:00,2025-12-05 20:39:00
ORD000203,CUST00260,delivered,2025-02-04 15:28:00,2025-02-05 00:28:00,2025-02-07 15:28:00,2025-02-20 15:28:00
ORD000204,CUST00040,delivered,2025-02-07 09:29:00,2025-02-07 11:29:00,2025-02-20 09:29:00,2025-02-21 09:29:00
ORD000205,CUST00231,delivered,2025-11-27 02:39:00,2025-11-27 15:39:00,2025-12-13 02:39:00,2025-12-03 02:39:00
ORD000206,CUST00032,delivered,2025-10-20 20:12:00,2025-10-21 12:12:00,2025-11-07 20:12:00,2025-10-29 20:12:00
ORD000207,CUST00259,canceled,2025-08-19 03:51:00,2025-08-19 14:51:00,,2025-08-26 03:51:00
ORD000208,CUST00187,delivered,2025-11-27 05:02:00,2025-11-27 20:02:00,2025-12-13 05:02:00,2025-12-07 05:02:00
ORD000209,CUST00034,delivered,2025-07-10 09:24:00,2025-07-10 20:24:00,2025-07-13 09:24:00,2025-07-25 09:24:00
ORD000210,CUST00171,delivered,2025-06-18 03:35:00,2025-06-18 13:35:00,2025-06-28 03:35:00,2025-06-27 03:35:00
ORD000211,CUST00067,delivered,2025-02-11 18:42:00,2025-02-12 06:42:00,2025-02-22 18:42:00,2025-02-28 18:42:00
ORD000212,CUST00270,delivered,2025-11-01 22:05:00,2025-11-02 11:05:00,2025-11-13 22:05:00,2025-11-10 22:05:00
ORD000213,CUST00159,delivered,2025-02-17 20:42:00,2025-02-18 08:42:00,2025-02-19 20:42:00,2025-03-05 20:42:00
ORD000214,CUST00116,processing,2025-04-03 06:21:00,2025-04-03 22:21:00,,2025-04-14 06:21:00
ORD000215,CUST00173,delivered,2025-03-12 04:04:00,2025-03-12 08:04:00,2025-03-30 04:04:00,2025-03-18 04:04:00
ORD000216,CUST00225,delivered,2025-11-13 04:38:00,2025-11-13 10:38:00,2025-11-20 04:38:00,2025-11-23 04:38:00
ORD000217,CUST00230,delivered,2025-01-23 13:23:00,2025-01-23 21:23:00,2025-02-08 13:23:00,2025-02-06 13:23:00
ORD000218,CUST00293,delivered,2025-04-30 17:15:00,2025-05-01 09:15:00,2025-05-08 17:15:00,2025-05-16 17:15:00
ORD000219,CUST00083,delivered,2025-08-14 14:49:00,2025-08-15 03:49:00,2025-09-01 14:49:00,2025-09-01 14:49:00
ORD000220,CUST00191,canceled,2025-04-13 19:08:00,2025-04-13 21:08:00,,2025-05-03 19:08:00
ORD000221,CUST00043,shipped,2025-10-11 03:45:00,2025-10-11 07:45:00,,2025-10-25 03:45:00
ORD000222,CUST00047,canceled,2025-03-24 08:28:00,2025-03-24 13:28:00,,2025-04-11 08:28:00
ORD000223,CUST00203,delivered,2025-04-24 14:56:00,2025-04-24 15:56:00,2025-05-09 14:56:00,2025-04-30 14:56:00
ORD000224,CUST00015,delivered,2025-09-15 11:15:00,2025-09-15 14:15:00,2025-09-28 11:15:00,2025-09-27 11:15:00
ORD000225,CUST00020,delivered,2025-06-13 03:53:00,2025-06-13 14:53:00,2025-06-19 03:53:00,2025-06-22 03:53:00
ORD000226,CUST00230,shipped,2025-05-27 15:44:00,2025-05-28 14:44:00,,2025-06-16 15:44:00
ORD000227,CUST00281,delivered,2025-11-12 00:57:00,2025-11-12 09:57:00,2025-11-20 00:57:00,2025-11-21 00:57:00
ORD000228,CUST00063,delivered,2025-11-08 16:27:00,2025-11-09 02:27:00,2025-11-17 16:27:00,2025-11-22 16:27:00
ORD000229,CUST00057,delivered,2025-01-25 07:26:00,2025-01-26 03:26:00,2025-02-10 07:26:00,2025-02-01 07:26:00
ORD000230,CUST00150,delivered,2025-09-13 19:34:00,2025-09-14 12:34:00,2025-09-22 19:34:00,2025-09-22 19:34:00
ORD000231,CUST00044,delivered,2025-08-08 00:39:00,2025-08-08 19:39:00,2025-08-23 00:39:00,2025-08-18 00:39:00
ORD000232,CUST00200,processing,2025-09-26 11:04:00,2025-09-27 05:04:00,,2025-10-01 11:04:00
ORD000233,CUST00183,delivered,2025-08-29 01:40:00,2025-08-29 13:40:00,2025-09-08 01:40:00,2025-09-03 01:40:00
ORD000234,CUST00069,delivered,2025-02-04 11:15:00,2025-02-05 08:15:00,2025-02-09 11:15:00,2025-02-19 11:15:00
ORD000235,CUST00246,delivered,2025-01-23 11:34:00,2025-01-24 08:34:00,2025-01-30 11:34:00,2025-02-11 11:34:00
ORD000236,CUST00151,delivered,2025-11-20 05:51:00,2025-11-21 04:51:00,2025-12-06 05:51:00,2025-11-26 05:51:00
ORD000237,CUST00264,delivered,2025-04-14 01:50:00,2025-04-14 03:50:00,2025-04-26 01:50:00,2025-04-28 01:50:00
ORD000238,CUST00183,delivered,2025-07-23 17:30:00,2025-07-24 14:30:00,2025-07-31 17:30:00,2025-08-06 17:30:00
ORD000239,CUST00226,delivered,2025-01-25 20:21:00,2025-01-26 08:21:00,2025-02-09 20:21:00,2025-02-11 20:21:00
ORD000240,CUST00043,delivered,2025-07-17 10:11:00,2025-07-18 02:11:00,2025-07-30 10:11:00,2025-07-30 10:11:00
ORD000241,CUST00053,delivered,2025-08-06 02:27:00,2025-08-06 08:27:00,2025-08-17 02:27:00,2025-08-21 02:27:00
ORD000242,CUST00228,delivered,2025-02-10 10:42:00,2025-02-11 01:42:00,2025-02-25 10:42:00,2025-02-20 10:42:00
ORD000243,CUST00030,delivered,2025-06-29 14:02:00,2025-06-30 02:02:00,2025-07-14 14:02:00,2025-07-12 14:02:00
ORD000244,CUST00074,delivered,2025-02-08 21:40:00,2025-02-09 14:40:00,2025-02-15 21:40:00,2025-02-13 21:40:00
ORD000245,CUST00188,delivered,2025-11-08 21:50:00,2025-11-09 02:50:00,2025-11-12 21:50:00,2025-11-20 21:50:00
ORD000246,CUST00191,delivered,2025-07-05 12:36:00,2025-07-05 17:36:00,2025-07-21 12:36:00,2025-07-21 12:36:00
ORD000247,CUST00143,delivered,2025-08-16 02:36:00,2025-08-16 14:36:00,2025-08-30 02:36:00,2025-08-31 02:36:00
ORD000248,CUST00288,delivered,2025-05-08 03:01:00,2025-05-08 19:01:00,2025-05-26 03:01:00,2025-05-25 03:01:00
ORD000249,CUST00252,delivered,2025-03-02 08:49:00,2025-03-02 23:49:00,2025-03-10 08:49:00,2025-03-16 08:49:00
ORD000250,CUST00228,shipped,2025-04-13 03:08:00,2025-04-13 18:08:00,,2025-04-23 03:08:00
ORD000251,CUST00034,processing,2025-02-14 21:54:00,2025-02-15 19:54:00,,2025-03-02 21:54:00
ORD000252,CUST00186,canceled,2025-10-09 17:18:00,2025-10-09 23:18:00,,2025-10-19 17:18:00
ORD000253,CUST00253,processing,2025-09-18 07:07:00,2025-09-18 12:07:00,,2025-09-30 07:07:00
ORD000254,CUST00034,delivered,2025-01-14 11:35:00,2025-01-15 02:35:00,2025-01-20 11:35:00,2025-01-21 11:35:00
ORD000255,CUST00295,delivered,2025-06-08 12:45:00,2025-06-09 05:45:00,2025-06-23 12:45:00,2025-06-26 12:45:00
ORD000256,CUST00066,delivered,2025-02-07 04:20:00,2025-02-07 19:20:00,2025-02-23 04:20:00,2025-02-23 04:20:00
ORD000257,CUST00064,delivered,2025-10-10 20:37:00,2025-10-11 01:37:00,2025-10-25 20:37:00,2025-10-16 20:37:00
ORD000258,CUST00266,delivered,2025-09-23 04:19:00,2025-09-23 15:19:00,2025-10-02 04:19:00,2025-10-09 04:19:00
ORD000259,CUST00156,delivered,2025-05-26 02:16:00,2025-05-26 20:16:00,2025-06-05 02:16:00,2025-06-04 02:16:00
ORD000260,CUST00173,delivered,2025-11-11 17:05:00,2025-11-11 23:05:00,2025-11-17 17:05:00,2025-11-21 17:05:00
ORD000261,CUST00296,shipped,2025-10-16 01:52:00,2025-10-16 04:52:00,,2025-10-22 01:52:00
ORD000262,CUST00255,shipped,2025-05-16 20:13:00,2025-05-17 10:13:00,,2025-05-21 20:13:00
ORD000263,CUST00208,delivered,2025-11-18 17:18:00,2025-11-19 03:18:00,2025-12-05 17:18:00,2025-11-30 17:18:00
ORD000264,CUST00248,delivered,2025-06-02 14:04:00,2025-06-02 20:04:00,2025-06-18 14:04:00,2025-06-20 14:04:00
ORD000265,CUST00205,delivered,2025-08-26 06:21:00,2025-08-26 17:21:00,2025-09-07 06:21:00,2025-09-11 06:21:00
ORD000266,CUST00063,delivered,2025-03-08 11:32:00,2025-03-08 22:32:00,2025-03-17 11:32:00,2025-03-27 11:32:00
ORD000267,CUST00215,delivered,2025-05-17 14:15:00,2025-05-17 16:15:00,2025-05-28 14:15:00,2025-06-03 14:15:00
ORD000268,CUST00082,delivered,2025-05-08 05:52:00,2025-05-09 00:52:00,2025-05-20 05:52:00,2025-05-19 05:52:00
ORD000269,CUST00047,delivered,2025-09-13 16:29:00,2025-09-14 02:29:00,2025-09-30 16:29:00,2025-09-18 16:29:00
ORD000270,CUST00025,processing,2025-07-21 16:29:00,2025-07-21 23:29:00,,2025-08-06 16:29:00
ORD000271,CUST00275,delivered,2025-01-26 09:31:00,2025-01-27 06:31:00,2025-02-12 09:31:00,2025-02-09 09:31:00
ORD000272,CUST00188,delivered,2025-01-05 03:27:00,2025-01-05 12:27:00,2025-01-18 03:27:00,2025-01-22 03:27:00
ORD000273,CUST00038,delivered,2025-01-24 12:03:00,2025-01-24 19:03:00,2025-02-06 12:03:00,2025-02-07 12:03:00
ORD000274,CUST00066,shipped,2025-07-17 16:28:00,2025-07-18 01:28:00,,2025-07-25 16:28:00
ORD000275,CUST00074,shipped,2025-02-19 12:23:00,2025-02-19 23:23:00,,2025-03-07 12:23:00
ORD000276,CUST00071,delivered,2025-04-12 19:32:00,2025-04-12 21:32:00,2025-04-15 19:32:00,2025-04-18 19:32:00
ORD000277,CUST00168,delivered,2025-06-20 15:33:00,2025-06-21 11:33:00,2025-07-08 15:33:00,2025-06-29 15:33:00
ORD000278,CUST00260,delivered,2025-11-10 10:10:00,2025-11-11 06:10:00,2025-11-21 10:10:00,2025-11-25 10:10:00
ORD000279,CUST00189,delivered,2025-09-18 17:31:00,2025-09-19 03:31:00,2025-10-05 17:31:00,2025-09-23 17:31:00
ORD000280,CUST00014,processing,2025-06-19 21:07:00,2025-06-20 16:07:00,,2025-07-03 21:07:00
ORD000281,CUST00027,processing,2025-11-02 15:16:00,2025-11-03 10:16:00,,2025-11-14 15:16:00
ORD000282,CUST00125,delivered,2025-10-26 15:10:00,2025-10-27 15:10:00,2025-11-09 15:10:00,2025-11-04 15:10:00
ORD000283,CUST00215,delivered,2025-01-17 18:44:00,2025-01-17 19:44:00,2025-02-02 18:44:00,2025-02-01 18:44:00
ORD000284,CUST00071,delivered,2025-03-19 13:44:00,2025-03-20 06:44:00,2025-04-05 13:44:00,2025-03-25 13:44:00
ORD000285,CUST00161,delivered,2025-09-23 06:35:00,2025-09-24 04:35:00,2025-10-10 06:35:00,2025-10-10 06:35:00
ORD000286,CUST00248,delivered,2025-03-30 14:58:00,2025-03-31 08:58:00,2025-04-12 14:58:00,2025-04-12 14:58:00
ORD000287,CUST00107,delivered,2025-04-09 07:17:00,2025-04-09 15:17:00,2025-04-20 07:17:00,2025-04-23 07:17:00
ORD000288,CUST00063,delivered,2025-12-20 22:31:00,2025-12-21 10:31:00,2025-12-30 22:31:00,2026-01-03 22:31:00
ORD000289,CUST00149,delivered,2025-10-21 21:34:00,2025-10-22 10:34:00,2025-11-03 21:34:00,2025-10-30 21:34:00
ORD000290,CUST00110,delivered,2025-01-22 09:45:00,2025-01-23 00:45:00,2025-02-01 09:45:00,2025-02-11 09:45:00
ORD000291,CUST00071,canceled,2025-04-14 17:17:00,2025-04-15 16:17:00,,2025-04-27 17:17:00
ORD000292,CUST00120,delivered,2025-02-25 19:47:00,2025-02-26 03:47:00,2025-02-28 19:47:00,2025-03-09 19:47:00
ORD000293,CUST00003,delivered,2025-01-27 03:26:00,2025-01-27 19:26:00,2025-02-01 03:26:00,2025-02-05 03:26:00
ORD000294,CUST00148,delivered,2025-10-09 05:26:00,2025-10-09 21:26:00,2025-10-26 05:26:00,2025-10-20 05:26:00
ORD000295,CUST00090,delivered,2025-06-14 09:41:00,2025-06-14 12:41:00,2025-06-23 09:41:00,2025-06-20 09:41:00
ORD000296,CUST00096,canceled,2025-08-02 05:59:00,2025-08-02 18:59:00,,2025-08-22 05:59:00
ORD000297,CUST00146,delivered,2025-05-29 01:00:00,2025-05-29 21:00:00,2025-06-03 01:00:00,2025-06-13 01:00:00
ORD000298,CUST00140,delivered,2025-08-21 20:34:00,2025-08-22 01:34:00,2025-09-08 20:34:00,2025-09-09 20:34:00
ORD000299,CUST00008,delivered,2025-04-09 03:21:00,2025-04-09 18:21:00,2025-04-19 03:21:00,2025-04-19 03:21:00
ORD000300,CUST00219,delivered,2025-06-22 09:36:00,2025-06-22 16:36:00,2025-06-29 09:36:00,2025-07-09 09:36:00
ORD000301,CUST00245,delivered,2025-09-21 10:05:00,2025-09-21 14:05:00,2025-09-28 10:05:00,2025-09-30 10:05:00
ORD000302,CUST00169,delivered,2025-06-15 07:00:00,2025-06-15 15:00:00,2025-07-01 07:00:00,2025-06-28 07:00:00
ORD000303,CUST00032,delivered,2025-06-04 18:46:00,2025-06-05 03:46:00,2025-06-17 18:46:00,2025-06-16 18:46:00
ORD000304,CUST00061,delivered,2025-12-08 03:29:00,2025-12-08 16:29:00,2025-12-26 03:29:00,2025-12-22 03:29:00
ORD000305,CUST00079,delivered,2025-11-24 09:23:00,2025-11-24 17:23:00,2025-11-30 09:23:00,2025-12-14 09:23:00
ORD000306,CUST00127,delivered,2025-08-21 23:38:00,2025-08-22 22:38:00,2025-09-07 23:38:00,2025-09-01 23:38:00
ORD000307,CUST00271,shipped,2025-12-15 19:55:00,2025-12-16 12:55:00,,2026-01-03 19:55:00
ORD000308,CUST00281,canceled,2025-12-27 11:04:00,2025-12-27 15:04:00,,2026-01-02 11:04:00
ORD000309,CUST00060,delivered,2025-09-16 06:36:00,2025-09-16 12:36:00,2025-09-28 06:36:00,2025-10-05 06:36:00
ORD000310,CUST00029,delivered,2025-12-15 06:45:00,2025-12-15 09:45:00,2026-01-02 06:45:00,2026-01-03 06:45:00
ORD000311,CUST00158,delivered,2025-08-21 04:32:00,2025-08-21 23:32:00,2025-08-24 04:32:00,2025-09-09 04:32:00
ORD000312,CUST00297,shipped,2025-01-12 12:16:00,2025-01-13 12:16:00,,2025-01-23 12:16:00
ORD000313,CUST00242,delivered,2025-02-07 01:27:00,2025-02-07 04:27:00,2025-02-10 01:27:00,2025-02-14 01:27:00
ORD000314,CUST00196,delivered,2025-01-17 09:26:00,2025-01-17 14:26:00,2025-02-01 09:26:00,2025-02-02 09:26:00
ORD000315,CUST00061,delivered,2025-08-18 12:24:00,2025-08-19 10:24:00,2025-08-24 12:24:00,2025-09-03 12:24:00
ORD000316,CUST00012,delivered,2025-04-02 17:25:00,2025-04-03 17:25:00,2025-04-11 17:25:00,2025-04-07 17:25:00
ORD000317,CUST00127,delivered,2025-06-02 14:43:00,2025-06-03 04:43:00,2025-06-16 14:43:00,2025-06-14 14:43:00
ORD000318,CUST00215,delivered,2025-08-24 11:09:00,2025-08-25 11:09:00,2025-08-29 11:09:00,2025-08-30 11:09:00
ORD000319,CUST00025,delivered,2025-11-11 00:15:00,2025-11-11 04:15:00,2025-11-14 00:15:00,2025-11-30 00:15:00
ORD000320,CUST00072,delivered,2025-05-06 23:02:00,2025-05-07 07:02:00,2025-05-14 23:02:00,2025-05-12 23:02:00
ORD000321,CUST00296,shipped,2025-09-15 09:14:00,2025-09-16 09:14:00,,2025-09-30 09:14:00
ORD000322,CUST00212,delivered,2025-11-03 21:52:00,2025-11-04 07:52:00,2025-11-09 21:52:00,2025-11-15 21:52:00
ORD000323,CUST00285,delivered,2025-06-03 08:03:00,2025-06-04 03:03:00,2025-06-10 08:03:00,2025-06-21 08:03:00
ORD000324,CUST00269,processing,2025-09-11 01:22:00,2025-09-11 23:22:00,,2025-09-28 01:22:00
ORD000325,CUST00276,delivered,2025-06-13 22:26:00,2025-06-14 08:26:00,2025-06-27 22:26:00,2025-06-23 22:26:00
ORD000326,CUST00030,delivered,2025-08-31 07:54:00,2025-09-01 06:54:00,2025-09-06 07:54:00,2025-09-19 07:54:00
ORD000327,CUST00131,delivered,2025-10-15 13:26:00,2025-10-15 18:26:00,2025-10-29 13:26:00,2025-10-27 13:26:00
ORD000328,CUST00275,delivered,2025-04-15 10:41:00,2025-04-16 01:41:00,2025-04-28 10:41:00,2025-04-22 10:41:00
ORD000329,CUST00097,delivered,2025-04-08 01:17:00,2025-04-08 21:17:00,2025-04-11 01:17:00,2025-04-15 01:17:00
ORD000330,CUST00156,delivered,2025-10-28 23:42:00,2025-10-29 15:42:00,2025-11-05 23:42:00,2025-11-12 23:42:00
ORD000331,CUST00125,delivered,2025-01-08 06:59:00,2025-01-09 06:59:00,2025-01-13 06:59:00,2025-01-28 06:59:00
ORD000332,CUST00195,delivered,2025-12-23 19:45:00,2025-12-24 03:45:00,2026-01-04 19:45:00,2026-01-06 19:45:00
ORD000333,CUST00239,delivered,2025-08-27 17:41:00,2025-08-28 02:41:00,2025-09-09 17:41:00,2025-09-16 17:41:00
ORD000334,CUST00190,shipped,2025-02-20 23:30:00,2025-02-21 10:30:00,,2025-03-03 23:30:00
ORD000335,CUST00134,delivered,2025-06-10 13:02:00,2025-06-10 21:02:00,2025-06-16 13:02:00,2025-06-15 13:02:00
ORD000336,CUST00169,delivered,2025-10-11 18:37:00,2025-10-12 04:37:00,2025-10-17 18:37:00,2025-10-22 18:37:00
ORD000337,CUST00132,shipped,2025-04-28 12:36:00,2025-04-29 04:36:00,,2025-05-13 12:36:00
ORD000338,CUST00087,delivered,2025-09-08 23:41:00,2025-09-09 14:41:00,2025-09-15 23:41:00,2025-09-24 23:41:00
ORD000339,CUST00039,delivered,2025-03-13 23:34:00,2025-03-14 17:34:00,2025-03-16 23:34:00,2025-03-19 23:34:00
ORD000340,CUST00078,delivered,2025-12-09 01:48:00,2025-12-09 06:48:00,2025-12-18 01:48:00,2025-12-16 01:48:00
ORD000341,CUST00009,delivered,2025-01-05 06:32:00,2025-01-05 08:32:00,2025-01-22 06:32:00,2025-01-25 06:32:00
ORD000342,CUST00275,delivered,2025-01-04 17:35:00,2025-01-04 18:35:00,2025-01-22 17:35:00,2025-01-17 17:35:00
ORD000343,CUST00092,shipped,2025-05-27 00:32:00,2025-05-27 22:32:00,,2025-06-14 00:32:00
ORD000344,CUST00182,delivered,2025-02-24 03:33:00,2025-02-24 10:33:00,2025-03-14 03:33:00,2025-03-09 03:33:00
ORD000345,CUST00116,delivered,2025-05-17 12:05:00,2025-05-18 01:05:00,2025-06-02 12:05:00,2025-05-29 12:05:00
ORD000346,CUST00048,shipped,2025-06-03 21:52:00,2025-06-04 18:52:00,,2025-06-09 21:52:00
ORD000347,CUST00043,delivered,2025-07-27 12:24:00,2025-07-27 14:24:00,2025-07-29 12:24:00,2025-08-06 12:24:00
ORD000348,CUST00271,shipped,2025-09-13 13:41:00,2025-09-14 08:41:00,,2025-09-21 13:41:00
ORD000349,CUST00139,canceled,2025-01-22 07:13:00,2025-01-23 06:13:00,,2025-02-11 07:13:00
ORD000350,CUST00092,canceled,2025-01-24 02:43:00,2025-01-24 20:43:00,,2025-01-30 02:43:00
ORD000351,CUST00154,delivered,2025-06-11 00:13:00,2025-06-11 23:13:00,2025-06-25 00:13:00,2025-06-18 00:13:00
ORD000352,CUST00072,delivered,2025-03-25 18:15:00,2025-03-26 07:15:00,2025-04-06 18:15:00,2025-04-11 18:15:00
ORD000353,CUST00224,delivered,2025-12-19 23:05:00,2025-12-20 11:05:00,2025-12-22 23:05:00,2025-12-27 23:05:00
ORD000354,CUST00016,delivered,2025-04-29 02:21:00,2025-04-29 22:21:00,2025-05-13 02:21:00,2025-05-14 02:21:00
ORD000355,CUST00183,processing,2025-11-21 08:50:00,2025-11-22 00:50:00,,2025-12-03 08:50:00
ORD000356,CUST00152,delivered,2025-10-11 12:27:00,2025-10-12 07:27:00,2025-10-25 12:27:00,2025-10-18 12:27:00
ORD000357,CUST00200,delivered,2025-05-07 22:04:00,2025-05-08 03:04:00,2025-05-21 22:04:00,2025-05-16 22:04:00
ORD000358,CUST00139,delivered,2025-06-12 11:06:00,2025-06-12 21:06:00,2025-06-28 11:06:00,2025-06-28 11:06:00
ORD000359,CUST00053,delivered,2025-02-22 04:05:00,2025-02-22 19:05:00,2025-03-12 04:05:00,2025-03-12 04:05:00
ORD000360,CUST00007,delivered,2025-01-14 02:22:00,2025-01-14 22:22:00,2025-01-26 02:22:00,2025-01-31 02:22:00
ORD000361,CUST00293,shipped,2025-05-30 13:24:00,2025-05-31 13:24:00,,2025-06-11 13:24:00
ORD000362,CUST00138,delivered,2025-09-24 05:43:00,2025-09-24 10:43:00,2025-10-04 05:43:00,2025-10-08 05:43:00
ORD000363,CUST00248,delivered,2025-09-10 04:04:00,2025-09-10 13:04:00,2025-09-25 04:04:00,2025-09-24 04:04:00
ORD000364,CUST00101,processing,2025-02-09 11:16:00,2025-02-10 11:16:00,,2025-03-01 11:16:00
ORD000365,CUST00169,delivered,2025-08-23 03:08:00,2025-08-23 16:08:00,2025-09-04 03:08:00,2025-09-09 03:08:00
ORD000366,CUST00154,shipped,2025-08-14 10:27:00,2025-08-15 07:27:00,,2025-08-23 10:27:00
ORD000367,CUST00164,delivered,2025-06-14 19:44:00,2025-06-15 06:44:00,2025-06-21 19:44:00,2025-07-01 19:44:00
ORD000368,CUST00193,delivered,2025-05-30 23:44:00,2025-05-31 18:44:00,2025-06-08 23:44:00,2025-06-14 23:44:00
ORD000369,CUST00282,delivered,2025-05-24 12:23:00,2025-05-25 07:23:00,2025-06-01 12:23:00,2025-06-03 12:23:00
ORD000370,CUST00150,processing,2025-01-14 23:29:00,2025-01-15 06:29:00,,2025-02-02 23:29:00
ORD000371,CUST00072,shipped,2025-12-21 02:52:00,2025-12-21 16:52:00,,2026-01-10 02:52:00
ORD000372,CUST00038,delivered,2025-11-21 09:15:00,2025-11-21 14:15:00,2025-12-06 09:15:00,2025-12-08 09:15:00
ORD000373,CUST00279,delivered,2025-08-18 19:30:00,2025-08-19 13:30:00,2025-09-05 19:30:00,2025-09-05 19:30:00
ORD000374,CUST00056,canceled,2025-01-19 11:44:00,2025-01-20 05:44:00,,2025-01-26 11:44:00
ORD000375,CUST00170,delivered,2025-05-08 21:42:00,2025-05-09 18:42:00,2025-05-11 21:42:00,2025-05-25 21:42:00
ORD000376,CUST00229,delivered,2025-08-09 03:00:00,2025-08-09 11:00:00,2025-08-27 03:00:00,2025-08-21 03:00:00
ORD000377,CUST00177,shipped,2025-07-11 12:29:00,2025-07-12 07:29:00,,2025-07-20 12:29:00
ORD000378,CUST00179,delivered,2025-01-13 15:06:00,2025-01-13 18:06:00,2025-01-18 15:06:00,2025-01-22 15:06:00
ORD000379,CUST00179,shipped,2025-06-09 10:29:00,2025-06-10 03:29:00,,2025-06-29 10:29:00
ORD000380,CUST00154,delivered,2025-09-01 03:28:00,2025-09-01 18:28:00,2025-09-13 03:28:00,2025-09-08 03:28:00
ORD000381,CUST00125,delivered,2025-01-23 22:07:00,2025-01-24 09:07:00,2025-01-28 22:07:00,2025-02-02 22:07:00
ORD000382,CUST00119,delivered,2025-09-22 05:35:00,2025-09-22 23:35:00,2025-10-07 05:35:00,2025-10-11 05:35:00
ORD000383,CUST00015,delivered,2025-07-27 20:11:00,2025-07-28 18:11:00,2025-08-11 20:11:00,2025-08-13 20:11:00
ORD000384,CUST00106,delivered,2025-11-11 06:28:00,2025-11-11 19:28:00,2025-11-13 06:28:00,2025-11-22 06:28:00
ORD000385,CUST00275,shipped,2025-05-23 22:51:00,2025-05-24 17:51:00,,2025-05-31 22:51:00
ORD000386,CUST00271,delivered,2025-04-06 11:20:00,2025-04-06 15:20:00,2025-04-16 11:20:00,2025-04-26 11:20:00
ORD000387,CUST00181,delivered,2025-11-24 10:38:00,2025-11-24 23:38:00,2025-11-29 10:38:00,2025-12-10 10:38:00
ORD000388,CUST00044,shipped,2025-08-23 19:11:00,2025-08-24 18:11:00,,2025-09-06 19:11:00
ORD000389,CUST00192,delivered,2025-12-11 04:20:00,2025-12-11 14:20:00,2025-12-16 04:20:00,2025-12-21 04:20:00
ORD000390,CUST00217,delivered,2025-12-22 04:32:00,2025-12-23 00:32:00,2025-12-28 04:32:00,2026-01-08 04:32:00
ORD000391,CUST00251,delivered,2025-04-06 15:40:00,2025-04-07 12:40:00,2025-04-13 15:40:00,2025-04-16 15:40:00
ORD000392,CUST00005,delivered,2025-05-28 04:11:00,2025-05-28 19:11:00,2025-05-31 04:11:00,2025-06-13 04:11:00
ORD000393,CUST00210,shipped,2025-09-06 04:12:00,2025-09-06 22:12:00,,2025-09-26 04:12:00
ORD000394,CUST00043,delivered,2025-12-17 15:26:00,2025-12-18 06:26:00,2026-01-03 15:26:00,2025-12-27 15:26:00
ORD000395,CUST00141,shipped,2025-10-17 00:50:00,2025-10-17 10:50:00,,2025-10-23 00:50:00
ORD000396,CUST00294,delivered,2025-04-26 17:18:00,2025-04-27 08:18:00,2025-05-13 17:18:00,2025-05-04 17:18:00
ORD000397,CUST00280,delivered,2025-02-28 08:49:00,2025-02-28 20:49:00,2025-03-03 08:49:00,2025-03-19 08:49:00
ORD000398,CUST00017,delivered,2025-04-22 13:06:00,2025-04-23 10:06:00,2025-05-01 13:06:00,2025-05-06 13:06:00
ORD000399,CUST00061,shipped,2025-08-19 08:22:00,2025-08-19 11:22:00,,2025-09-07 08:22:00
ORD000400,CUST00085,delivered,2025-05-02 06:51:00,2025-05-03 05:51:00,2025-05-15 06:51:00,2025-05-20 06:51:00
ORD000401,CUST00273,delivered,2025-11-12 04:50:00,2025-11-12 11:50:00,2025-11-15 04:50:00,2025-11-28 04:50:00
ORD000402,CUST00294,delivered,2025-05-24 19:34:00,2025-05-25 18:34:00,2025-06-04 19:34:00,2025-06-07 19:34:00
ORD000403,CUST00031,delivered,2025-05-17 16:57:00,2025-05-17 20:57:00,2025-05-23 16:57:00,2025-06-04 16:57:00
ORD000404,CUST00165,delivered,2025-05-22 20:08:00,2025-05-23 01:08:00,2025-05-31 20:08:00,2025-05-31 20:08:00
ORD000405,CUST00193,delivered,2025-05-07 21:25:00,2025-05-08 16:25:00,2025-05-17 21:25:00,2025-05-25 21:25:00
ORD000406,CUST00264,shipped,2025-08-20 02:40:00,2025-08-20 05:40:00,,2025-09-06 02:40:00
ORD000407,CUST00168,canceled,2025-05-23 22:59:00,2025-05-24 13:59:00,,2025-06-12 22:59:00
ORD000408,CUST00235,shipped,2025-10-25 00:55:00,2025-10-26 00:55:00,,2025-11-01 00:55:00
ORD000409,CUST00220,delivered,2025-11-22 21:44:00,2025-11-23 00:44:00,2025-12-06 21:44:00,2025-12-03 21:44:00
ORD000410,CUST00290,delivered,2025-04-19 15:17:00,2025-04-20 01:17:00,2025-05-01 15:17:00,2025-04-28 15:17:00
ORD000411,CUST00236,delivered,2025-09-06 10:57:00,2025-09-06 12:57:00,2025-09-09 10:57:00,2025-09-14 10:57:00
ORD000412,CUST00001,shipped,2025-01-09 03:59:00,2025-01-09 18:59:00,,2025-01-28 03:59:00
ORD000413,CUST00082,canceled,2025-08-08 06:44:00,2025-08-09 03:44:00,,2025-08-22 06:44:00
ORD000414,CUST00027,delivered,2025-05-21 02:41:00,2025-05-21 05:41:00,2025-06-03 02:41:00,2025-05-31 02:41:00
ORD000415,CUST00049,delivered,2025-07-22 20:19:00,2025-07-23 04:19:00,2025-08-06 20:19:00,2025-07-29 20:19:00
ORD000416,CUST00005,delivered,2025-01-01 06:30:00,2025-01-02 01:30:00,2025-01-10 06:30:00,2025-01-20 06:30:00
ORD000417,CUST00245,shipped,2025-01-05 22:21:00,2025-01-06 12:21:00,,2025-01-14 22:21:00
ORD000418,CUST00189,delivered,2025-02-06 07:24:00,2025-02-06 11:24:00,2025-02-11 07:24:00,2025-02-21 07:24:00
ORD000419,CUST00036,shipped,2025-06-03 04:24:00,2025-06-03 09:24:00,,2025-06-12 04:24:00
ORD000420,CUST00110,delivered,2025-09-29 18:00:00,2025-09-30 00:00:00,2025-10-15 18:00:00,2025-10-15 18:00:00
ORD000421,CUST00112,canceled,2025-11-18 23:09:00,2025-11-19 19:09:00,,2025-12-07 23:09:00
ORD000422,CUST00180,shipped,2025-02-14 03:08:00,2025-02-14 22:08:00,,2025-03-03 03:08:00
ORD000423,CUST00284,delivered,2025-08-08 10:50:00,2025-08-08 19:50:00,2025-08-12 10:50:00,2025-08-20 10:50:00
ORD000424,CUST00106,delivered,2025-11-04 19:46:00,2025-11-05 18:46:00,2025-11-06 19:46:00,2025-11-18 19:46:00
ORD000425,CUST00123,delivered,2025-09-23 19:32:00,2025-09-24 08:32:00,2025-10-04 19:32:00,2025-09-29 19:32:00
ORD000426,CUST00185,delivered,2025-09-11 12:07:00,2025-09-12 09:07:00,2025-09-15 12:07:00,2025-09-16 12:07:00
ORD000427,CUST00188,shipped,2025-06-12 04:24:00,2025-06-12 23:24:00,,2025-06-30 04:24:00
ORD000428,CUST00035,shipped,2025-10-07 21:11:00,2025-10-08 00:11:00,,2025-10-12 21:11:00
ORD000429,CUST00257,delivered,2025-01-08 08:13:00,2025-01-08 10:13:00,2025-01-22 08:13:00,2025-01-22 08:13:00
ORD000430,CUST00043,delivered,2025-08-01 13:44:00,2025-08-02 10:44:00,2025-08-07 13:44:00,2025-08-14 13:44:00
ORD000431,CUST00201,canceled,2025-06-08 02:32:00,2025-06-08 07:32:00,,2025-06-23 02:32:00
ORD000432,CUST00159,shipped,2025-10-28 20:48:00,2025-10-29 18:48:00,,2025-11-04 20:48:00
ORD000433,CUST00126,processing,2025-12-24 13:46:00,2025-12-24 21:46:00,,2025-12-30 13:46:00
ORD000434,CUST00090,delivered,2025-02-14 13:07:00,2025-02-15 09:07:00,2025-02-17 13:07:00,2025-02-28 13:07:00
ORD000435,CUST00178,delivered,2025-03-03 00:45:00,2025-03-03 01:45:00,2025-03-10 00:45:00,2025-03-23 00:45:00
ORD000436,CUST00191,shipped,2025-09-25 16:50:00,2025-09-26 01:50:00,,2025-10-05 16:50:00
ORD000437,CUST00016,canceled,2025-03-06 23:49:00,2025-03-07 23:49:00,,2025-03-14 23:49:00
ORD000438,CUST00234,delivered,2025-06-21 13:17:00,2025-06-21 22:17:00,2025-06-25 13:17:00,2025-07-11 13:17:00
ORD000439,CUST00081,delivered,2025-09-19 11:03:00,2025-09-20 06:03:00,2025-09-26 11:03:00,2025-10-05 11:03:00
ORD000440,CUST00261,delivered,2025-05-11 03:57:00,2025-05-12 03:57:00,2025-05-16 03:57:00,2025-05-23 03:57:00
ORD000441,CUST00242,shipped,2025-01-02 01:54:00,2025-01-02 09:54:00,,2025-01-08 01:54:00
ORD000442,CUST00165,delivered,2025-07-06 12:58:00,2025-07-06 14:58:00,2025-07-21 12:58:00,2025-07-18 12:58:00
ORD000443,CUST00062,delivered,2025-05-08 13:58:00,2025-05-08 22:58:00,2025-05-12 13:58:00,2025-05-24 13:58:00
ORD000444,CUST00206,delivered,2025-09-15 21:57:00,2025-09-16 05:57:00,2025-10-03 21:57:00,2025-09-21 21:57:00
ORD000445,CUST00284,delivered,2025-02-05 14:55:00,2025-02-06 00:55:00,2025-02-17 14:55:00,2025-02-12 14:55:00
ORD000446,CUST00238,delivered,2025-08-22 00:23:00,2025-08-22 19:23:00,2025-09-02 00:23:00,2025-09-03 00:23:00
ORD000447,CUST00078,processing,2025-07-08 18:31:00,2025-07-09 01:31:00,,2025-07-20 18:31:00
ORD000448,CUST00001,delivered,2025-01-04 13:01:00,2025-01-05 01:01:00,2025-01-06 13:01:00,2025-01-19 13:01:00
ORD000449,CUST00272,delivered,2025-12-03 12:54:00,2025-12-03 22:54:00,2025-12-08 12:54:00,2025-12-14 12:54:00
ORD000450,CUST00048,processing,2025-05-02 13:31:00,2025-05-02 18:31:00,,2025-05-15 13:31:00
ORD000451,CUST00235,shipped,2025-01-23 07:57:00,2025-01-23 21:57:00,,2025-02-08 07:57:00
ORD000452,CUST00291,delivered,2025-02-13 18:06:00,2025-02-14 15:06:00,2025-02-27 18:06:00,2025-02-20 18:06:00
ORD000453,CUST00134,processing,2025-02-01 13:42:00,2025-02-01 21:42:00,,2025-02-15 13:42:00
ORD000454,CUST00232,shipped,2025-06-11 12:44:00,2025-06-11 23:44:00,,2025-06-26 12:44:00
ORD000455,CUST00080,processing,2025-05-20 07:04:00,2025-05-20 12:04:00,,2025-05-28 07:04:00
ORD000456,CUST00107,delivered,2025-02-24 05:28:00,2025-02-24 19:28:00,2025-03-01 05:28:00,2025-03-12 05:28:00
ORD000457,CUST00156,delivered,2025-08-20 09:29:00,2025-08-20 13:29:00,2025-08-24 09:29:00,2025-08-30 09:29:00
ORD000458,CUST00128,delivered,2025-12-27 22:38:00,2025-12-28 09:38:00,2026-01-02 22:38:00,2026-01-03 22:38:00
ORD000459,CUST00016,delivered,2025-07-02 12:32:00,2025-07-02 22:32:00,2025-07-12 12:32:00,2025-07-12 12:32:00
ORD000460,CUST00053,delivered,2025-07-27 14:35:00,2025-07-27 22:35:00,2025-08-01 14:35:00,2025-08-15 14:35:00
ORD000461,CUST00206,delivered,2025-03-13 03:00:00,2025-03-13 11:00:00,2025-03-19 03:00:00,2025-03-24 03:00:00
ORD000462,CUST00039,canceled,2025-07-10 21:40:00,2025-07-11 00:40:00,,2025-07-23 21:40:00
ORD000463,CUST00048,canceled,2025-01-12 02:12:00,2025-01-12 17:12:00,,2025-01-21 02:12:00
ORD000464,CUST00294,processing,2025-06-19 03:02:00,2025-06-19 05:02:00,,2025-06-29 03:02:00
ORD000465,CUST00182,delivered,2025-08-10 23:25:00,2025-08-11 12:25:00,2025-08-25 23:25:00,2025-08-20 23:25:00
ORD000466,CUST00152,delivered,2025-04-20 05:17:00,2025-04-20 10:17:00,2025-04-23 05:17:00,2025-05-02 05:17:00
ORD000467,CUST00197,delivered,2025-09-13 13:56:00,2025-09-13 15:56:00,2025-09-17 13:56:00,2025-09-26 13:56:00
ORD000468,CUST00196,delivered,2025-03-12 13:12:00,2025-03-13 06:12:00,2025-03-21 13:12:00,2025-03-17 13:12:00
ORD000469,CUST00199,shipped,2025-07-03 15:34:00,2025-07-04 03:34:00,,2025-07-18 15:34:00
ORD000470,CUST00030,delivered,2025-05-19 05:01:00,2025-05-19 13:01:00,2025-05-21 05:01:00,2025-06-01 05:01:00
ORD000471,CUST00052,shipped,2025-08-30 16:22:00,2025-08-31 00:22:00,,2025-09-09 16:22:00
ORD000472,CUST00295,delivered,2025-05-07 21:15:00,2025-05-08 21:15:00,2025-05-10 21:15:00,2025-05-19 21:15:00
ORD000473,CUST00122,shipped,2025-07-18 11:59:00,2025-07-18 17:59:00,,2025-07-28 11:59:00
ORD000474,CUST00291,delivered,2025-10-31 10:51:00,2025-10-31 22:51:00,2025-11-02 10:51:00,2025-11-16 10:51:00
ORD000475,CUST00090,processing,2025-10-16 04:36:00,2025-10-16 20:36:00,,2025-10-30 04:36:00
ORD000476,CUST00270,delivered,2025-09-09 01:05:00,2025-09-09 21:05:00,2025-09-18 01:05:00,2025-09-14 01:05:00
ORD000477,CUST00175,canceled,2025-09-02 00:21:00,2025-09-02 07:21:00,,2025-09-11 00:21:00
ORD000478,CUST00270,delivered,2025-04-01 10:03:00,2025-04-02 05:03:00,2025-04-07 10:03:00,2025-04-09 10:03:00
ORD000479,CUST00173,delivered,2025-07-06 02:23:00,2025-07-07 00:23:00,2025-07-20 02:23:00,2025-07-14 02:23:00
ORD000480,CUST00250,processing,2025-06-04 10:08:00,2025-06-05 10:08:00,,2025-06-22 10:08:00
ORD000481,CUST00090,delivered,2025-11-29 10:11:00,2025-11-30 04:11:00,2025-12-12 10:11:00,2025-12-11 10:11:00
ORD000482,CUST00294,delivered,2025-07-13 09:46:00,2025-07-13 14:46:00,2025-07-20 09:46:00,2025-07-18 09:46:00
ORD000483,CUST00255,delivered,2025-07-20 18:02:00,2025-07-21 05:02:00,2025-07-29 18:02:00,2025-07-28 18:02:00
ORD000484,CUST00046,delivered,2025-03-14 10:47:00,2025-03-14 22:47:00,2025-03-26 10:47:00,2025-03-24 10:47:00
ORD000485,CUST00136,delivered,2025-12-29 21:40:00,2025-12-30 08:40:00,2026-01-14 21:40:00,2026-01-03 21:40:00
ORD000486,CUST00025,delivered,2025-04-18 07:44:00,2025-04-18 16:44:00,2025-04-23 07:44:00,2025-04-23 07:44:00
ORD000487,CUST00194,delivered,2025-07-17 14:46:00,2025-07-17 20:46:00,2025-08-01 14:46:00,2025-08-06 14:46:00
ORD000488,CUST00232,delivered,2025-06-29 17:24:00,2025-06-30 09:24:00,2025-07-08 17:24:00,2025-07-09 17:24:00
ORD000489,CUST00176,delivered,2025-02-07 01:18:00,2025-02-07 10:18:00,2025-02-12 01:18:00,2025-02-14 01:18:00
ORD000490,CUST00248,delivered,2025-03-29 12:10:00,2025-03-30 06:10:00,2025-04-02 12:10:00,2025-04-13 12:10:00
ORD000491,CUST00081,processing,2025-12-27 00:27:00,2025-12-27 06:27:00,,2026-01-14 00:27:00
ORD000492,CUST00145,delivered,2025-01-28 03:21:00,2025-01-28 10:21:00,2025-02-12 03:21:00,2025-02-10 03:21:00
ORD000493,CUST00028,delivered,2025-06-02 07:06:00,2025-06-03 02:06:00,2025-06-19 07:06:00,2025-06-11 07:06:00
ORD000494,CUST00050,delivered,2025-07-04 00:27:00,2025-07-04 22:27:00,2025-07-21 00:27:00,2025-07-15 00:27:00
ORD000495,CUST00158,delivered,2025-01-14 06:10:00,2025-01-14 09:10:00,2025-01-31 06:10:00,2025-01-22 06:10:00
ORD000496,CUST00279,canceled,2025-07-23 15:31:00,2025-07-24 00:31:00,,2025-07-30 15:31:00
ORD000497,CUST00229,canceled,2025-07-18 05:23:00,2025-07-18 17:23:00,,2025-07-28 05:23:00
ORD000498,CUST00078,delivered,2025-01-23 08:28:00,2025-01-23 16:28:00,2025-02-02 08:28:00,2025-01-29 08:28:00
ORD000499,CUST00284,delivered,2025-12-23 21:06:00,2025-12-24 09:06:00,2026-01-07 21:06:00,2026-01-04 21:06:00
ORD000500,CUST00244,delivered,2025-02-01 12:52:00,2025-02-02 06:52:00,2025-02-18 12:52:00,2025-02-13 12:52:00
ORD000501,CUST00258,canceled,2025-06-03 02:25:00,2025-06-04 01:25:00,,2025-06-09 02:25:00
ORD000502,CUST00230,delivered,2025-10-20 16:51:00,2025-10-21 12:51:00,2025-10-26 16:51:00,2025-10-28 16:51:00
ORD000503,CUST00217,shipped,2025-03-30 05:13:00,2025-03-30 10:13:00,,2025-04-05 05:13:00
ORD000504,CUST00164,delivered,2025-02-10 21:27:00,2025-02-11 18:27:00,2025-02-16 21:27:00,2025-02-23 21:27:00
ORD000505,CUST00267,delivered,2025-02-04 02:24:00,2025-02-04 20:24:00,2025-02-16 02:24:00,2025-02-17 02:24:00
ORD000506,CUST00058,delivered,2025-08-23 00:50:00,2025-08-23 19:50:00,2025-09-10 00:50:00,2025-09-10 00:50:00
ORD000507,CUST00289,delivered,2025-08-01 04:09:00,2025-08-01 23:09:00,2025-08-06 04:09:00,2025-08-09 04:09:00
ORD000508,CUST00197,delivered,2025-02-21 09:55:00,2025-02-21 21:55:00,2025-03-08 09:55:00,2025-03-06 09:55:00
ORD000509,CUST00207,delivered,2025-12-02 15:36:00,2025-12-02 17:36:00,2025-12-09 15:36:00,2025-12-15 15:36:00
ORD000510,CUST00170,delivered,2025-03-15 19:38:00,2025-03-16 08:38:00,2025-03-18 19:38:00,2025-04-01 19:38:00
ORD000511,CUST00173,delivered,2025-12-20 07:03:00,2025-12-20 16:03:00,2026-01-02 07:03:00,2025-12-25 07:03:00
ORD000512,CUST00117,shipped,2025-06-05 09:17:00,2025-06-06 08:17:00,,2025-06-13 09:17:00
ORD000513,CUST00046,delivered,2025-03-10 09:47:00,2025-03-10 20:47:00,2025-03-20 09:47:00,2025-03-28 09:47:00
ORD000514,CUST00265,canceled,2025-04-07 14:13:00,2025-04-08 04:13:00,,2025-04-27 14:13:00
ORD000515,CUST00260,shipped,2025-07-11 01:32:00,2025-07-11 04:32:00,,2025-07-25 01:32:00
ORD000516,CUST00089,shipped,2025-07-26 04:49:00,2025-07-26 23:49:00,,2025-07-31 04:49:00
ORD000517,CUST00185,delivered,2025-04-09 06:53:00,2025-04-09 08:53:00,2025-04-25 06:53:00,2025-04-15 06:53:00
ORD000518,CUST00064,delivered,2025-12-27 06:17:00,2025-12-27 21:17:00,2026-01-14 06:17:00,2026-01-13 06:17:00
ORD000519,CUST00243,delivered,2025-12-15 00:15:00,2025-12-15 20:15:00,2025-12-31 00:15:00,2025-12-25 00:15:00
ORD000520,CUST00015,delivered,2025-10-28 17:22:00,2025-10-29 02:22:00,2025-11-01 17:22:00,2025-11-11 17:22:00
ORD000521,CUST00116,shipped,2025-07-17 01:10:00,2025-07-17 08:10:00,,2025-07-29 01:10:00
ORD000522,CUST00243,delivered,2025-12-13 06:17:00,2025-12-13 23:17:00,2025-12-15 06:17:00,2025-12-18 06:17:00
ORD000523,CUST00157,delivered,2025-03-09 20:11:00,2025-03-09 21:11:00,2025-03-18 20:11:00,2025-03-22 20:11:00
ORD000524,CUST00130,delivered,2025-12-31 22:41:00,2026-01-01 11:41:00,2026-01-13 22:41:00,2026-01-19 22:41:00
ORD000525,CUST00004,delivered,2025-04-22 14:19:00,2025-04-23 10:19:00,2025-05-06 14:19:00,2025-04-30 14:19:00
ORD000526,CUST00153,shipped,2025-09-19 21:53:00,2025-09-20 15:53:00,,2025-10-03 21:53:00
ORD000527,CUST00134,delivered,2025-12-17 03:30:00,2025-12-17 12:30:00,2025-12-29 03:30:00,2025-12-30 03:30:00
ORD000528,CUST00030,delivered,2025-12-02 22:57:00,2025-12-03 05:57:00,2025-12-08 22:57:00,2025-12-14 22:57:00
ORD000529,CUST00152,delivered,2025-11-04 12:42:00,2025-11-04 17:42:00,2025-11-06 12:42:00,2025-11-24 12:42:00
ORD000530,CUST00114,delivered,2025-05-13 13:25:00,2025-05-13 15:25:00,2025-05-21 13:25:00,2025-05-28 13:25:00
ORD000531,CUST00260,shipped,2025-12-18 17:40:00,2025-12-19 15:40:00,,2026-01-03 17:40:00
ORD000532,CUST00050,delivered,2025-06-03 05:53:00,2025-06-03 23:53:00,2025-06-10 05:53:00,2025-06-17 05:53:00
ORD000533,CUST00046,delivered,2025-08-30 04:47:00,2025-08-30 22:47:00,2025-09-06 04:47:00,2025-09-14 04:47:00
ORD000534,CUST00191,delivered,2025-04-24 11:14:00,2025-04-24 21:14:00,2025-05-09 11:14:00,2025-05-09 11:14:00
ORD000535,CUST00299,delivered,2025-05-14 18:18:00,2025-05-14 22:18:00,2025-05-31 18:18:00,2025-05-20 18:18:00
ORD000536,CUST00196,delivered,2025-10-25 19:04:00,2025-10-26 02:04:00,2025-11-12 19:04:00,2025-11-02 19:04:00
ORD000537,CUST00176,delivered,2025-09-29 09:26:00,2025-09-29 14:26:00,2025-10-05 09:26:00,2025-10-10 09:26:00
ORD000538,CUST00162,canceled,2025-07-29 18:57:00,2025-07-30 09:57:00,,2025-08-07 18:57:00
ORD000539,CUST00003,delivered,2025-04-03 02:31:00,2025-04-03 08:31:00,2025-04-15 02:31:00,2025-04-09 02:31:00
ORD000540,CUST00251,shipped,2025-08-20 08:13:00,2025-08-20 14:13:00,,2025-08-30 08:13:00
ORD000541,CUST00245,delivered,2025-02-15 04:39:00,2025-02-15 18:39:00,2025-03-01 04:39:00,2025-03-05 04:39:00
ORD000542,CUST00165,delivered,2025-07-16 00:02:00,2025-07-17 00:02:00,2025-07-29 00:02:00,2025-07-21 00:02:00
ORD000543,CUST00177,delivered,2025-09-29 06:01:00,2025-09-30 03:01:00,2025-10-08 06:01:00,2025-10-11 06:01:00
ORD000544,CUST00034,delivered,2025-06-09 04:06:00,2025-06-09 23:06:00,2025-06-20 04:06:00,2025-06-19 04:06:00
ORD000545,CUST00223,delivered,2025-01-24 09:18:00,2025-01-25 02:18:00,2025-02-11 09:18:00,2025-02-08 09:18:00
ORD000546,CUST00097,processing,2025-12-18 04:21:00,2025-12-18 20:21:00,,2026-01-03 04:21:00
ORD000547,CUST00012,delivered,2025-03-26 12:01:00,2025-03-27 12:01:00,2025-04-01 12:01:00,2025-04-06 12:01:00
ORD000548,CUST00131,delivered,2025-10-29 16:10:00,2025-10-30 15:10:00,2025-11-01 16:10:00,2025-11-15 16:10:00
ORD000549,CUST00025,delivered,2025-10-01 19:03:00,2025-10-01 21:03:00,2025-10-06 19:03:00,2025-10-06 19:03:00
ORD000550,CUST00079,delivered,2025-12-20 03:26:00,2025-12-20 07:26:00,2025-12-30 03:26:00,2026-01-09 03:26:00
ORD000551,CUST00267,delivered,2025-04-16 22:43:00,2025-04-17 08:43:00,2025-05-01 22:43:00,2025-04-24 22:43:00
ORD000552,CUST00145,delivered,2025-05-19 19:38:00,2025-05-20 09:38:00,2025-05-24 19:38:00,2025-05-27 19:38:00
ORD000553,CUST00184,delivered,2025-02-28 03:31:00,2025-02-28 10:31:00,2025-03-10 03:31:00,2025-03-11 03:31:00
ORD000554,CUST00247,delivered,2025-12-27 13:18:00,2025-12-28 07:18:00,2026-01-13 13:18:00,2026-01-07 13:18:00
ORD000555,CUST00077,delivered,2025-06-19 07:00:00,2025-06-19 10:00:00,2025-06-24 07:00:00,2025-07-09 07:00:00
ORD000556,CUST00234,delivered,2025-02-16 16:04:00,2025-02-16 20:04:00,2025-02-26 16:04:00,2025-02-28 16:04:00
ORD000557,CUST00185,delivered,2025-06-01 08:29:00,2025-06-01 14:29:00,2025-06-04 08:29:00,2025-06-15 08:29:00
ORD000558,CUST00071,delivered,2025-12-13 10:27:00,2025-12-13 14:27:00,2025-12-16 10:27:00,2025-12-18 10:27:00
ORD000559,CUST00191,delivered,2025-12-06 20:10:00,2025-12-07 11:10:00,2025-12-16 20:10:00,2025-12-13 20:10:00
ORD000560,CUST00245,delivered,2025-06-25 05:07:00,2025-06-25 20:07:00,2025-07-05 05:07:00,2025-07-12 05:07:00
ORD000561,CUST00031,shipped,2025-08-04 20:56:00,2025-08-05 00:56:00,,2025-08-13 20:56:00
ORD000562,CUST00093,canceled,2025-03-23 03:26:00,2025-03-23 19:26:00,,2025-04-11 03:26:00
ORD000563,CUST00250,delivered,2025-11-09 12:49:00,2025-11-09 13:49:00,2025-11-15 12:49:00,2025-11-29 12:49:00
ORD000564,CUST00269,delivered,2025-02-27 13:28:00,2025-02-27 22:28:00,2025-03-11 13:28:00,2025-03-04 13:28:00
ORD000565,CUST00222,delivered,2025-10-23 23:36:00,2025-10-24 21:36:00,2025-11-04 23:36:00,2025-10-31 23:36:00
ORD000566,CUST00286,delivered,2025-12-05 23:15:00,2025-12-06 21:15:00,2025-12-19 23:15:00,2025-12-14 23:15:00
ORD000567,CUST00254,delivered,2025-11-10 01:00:00,2025-11-10 07:00:00,2025-11-28 01:00:00,2025-11-30 01:00:00
ORD000568,CUST00026,delivered,2025-03-26 02:48:00,2025-03-26 10:48:00,2025-04-07 02:48:00,2025-04-08 02:48:00
ORD000569,CUST00236,delivered,2025-09-17 07:35:00,2025-09-17 20:35:00,2025-09-26 07:35:00,2025-09-24 07:35:00
ORD000570,CUST00061,delivered,2025-08-16 18:28:00,2025-08-17 10:28:00,2025-09-01 18:28:00,2025-08-31 18:28:00
ORD000571,CUST00286,delivered,2025-09-12 23:41:00,2025-09-13 12:41:00,2025-09-27 23:41:00,2025-09-18 23:41:00
ORD000572,CUST00234,delivered,2025-10-09 00:52:00,2025-10-09 20:52:00,2025-10-20 00:52:00,2025-10-20 00:52:00
ORD000573,CUST00287,delivered,2025-06-24 11:52:00,2025-06-24 19:52:00,2025-07-10 11:52:00,2025-07-09 11:52:00
ORD000574,CUST00050,delivered,2025-11-14 19:30:00,2025-11-15 07:30:00,2025-11-30 19:30:00,2025-11-22 19:30:00
ORD000575,CUST00055,delivered,2025-12-04 07:00:00,2025-12-05 04:00:00,2025-12-15 07:00:00,2025-12-20 07:00:00
ORD000576,CUST00131,delivered,2025-01-24 05:31:00,2025-01-25 04:31:00,2025-02-08 05:31:00,2025-02-01 05:31:00
ORD000577,CUST00098,delivered,2025-11-09 06:12:00,2025-11-09 19:12:00,2025-11-17 06:12:00,2025-11-28 06:12:00
ORD000578,CUST00235,delivered,2025-06-23 03:48:00,2025-06-24 00:48:00,2025-06-28 03:48:00,2025-07-12 03:48:00
ORD000579,CUST00284,delivered,2025-12-04 18:32:00,2025-12-05 10:32:00,2025-12-06 18:32:00,2025-12-10 18:32:00
ORD000580,CUST00066,canceled,2025-08-10 18:30:00,2025-08-11 00:30:00,,2025-08-20 18:30:00
ORD000581,CUST00215,delivered,2025-02-23 12:42:00,2025-02-23 23:42:00,2025-03-13 12:42:00,2025-03-12 12:42:00
ORD000582,CUST00232,delivered,2025-11-08 22:48:00,2025-11-09 11:48:00,2025-11-20 22:48:00,2025-11-22 22:48:00
ORD000583,CUST00281,delivered,2025-03-10 04:26:00,2025-03-11 04:26:00,2025-03-28 04:26:00,2025-03-24 04:26:00
ORD000584,CUST00103,canceled,2025-06-10 22:47:00,2025-06-11 19:47:00,,2025-06-21 22:47:00
ORD000585,CUST00258,delivered,2025-04-18 19:45:00,2025-04-19 07:45:00,2025-04-24 19:45:00,2025-04-28 19:45:00
ORD000586,CUST00299,delivered,2025-10-05 22:40:00,2025-10-06 02:40:00,2025-10-18 22:40:00,2025-10-25 22:40:00
ORD000587,CUST00007,delivered,2025-10-20 21:45:00,2025-10-21 21:45:00,2025-10-31 21:45:00,2025-11-07 21:45:00
ORD000588,CUST00137,delivered,2025-09-25 03:01:00,2025-09-25 05:01:00,2025-09-28 03:01:00,2025-10-06 03:01:00
ORD000589,CUST00278,delivered,2025-03-24 09:43:00,2025-03-24 11:43:00,2025-04-04 09:43:00,2025-04-04 09:43:00
ORD000590,CUST00122,delivered,2025-01-17 11:52:00,2025-01-18 07:52:00,2025-01-26 11:52:00,2025-02-03 11:52:00
ORD000591,CUST00214,delivered,2025-09-19 22:18:00,2025-09-20 00:18:00,2025-10-03 22:18:00,2025-10-06 22:18:00
ORD000592,CUST00227,delivered,2025-12-17 10:35:00,2025-12-18 10:35:00,2025-12-27 10:35:00,2025-12-28 10:35:00
ORD000593,CUST00151,delivered,2025-04-26 20:45:00,2025-04-27 08:45:00,2025-05-04 20:45:00,2025-05-07 20:45:00
ORD000594,CUST00194,delivered,2025-08-18 05:43:00,2025-08-18 11:43:00,2025-09-05 05:43:00,2025-08-26 05:43:00
ORD000595,CUST00003,delivered,2025-01-21 13:17:00,2025-01-21 18:17:00,2025-01-28 13:17:00,2025-02-03 13:17:00
ORD000596,CUST00166,canceled,2025-06-19 14:45:00,2025-06-19 16:45:00,,2025-06-28 14:45:00
ORD000597,CUST00252,canceled,2025-11-02 01:49:00,2025-11-02 21:49:00,,2025-11-16 01:49:00
ORD000598,CUST00095,delivered,2025-10-21 17:22:00,2025-10-22 16:22:00,2025-11-02 17:22:00,2025-11-02 17:22:00
ORD000599,CUST00179,delivered,2025-09-24 02:50:00,2025-09-24 16:50:00,2025-10-08 02:50:00,2025-10-01 02:50:00
ORD000600,CUST00272,delivered,2025-04-24 06:42:00,2025-04-24 18:42:00,2025-05-05 06:42:00,2025-05-05 06:42:00
ORD000013,CUST00136,delivered,2025-06-11 06:41:00,2025-06-12 03:41:00,2025-06-27 06:41:00,2025-06-20 06:41:00
ORD000089,CUST00273,delivered,2025-12-17 19:51:00,2025-12-18 14:51:00,2025-12-20 19:51:00,2026-01-02 19:51:00
